alert_id,alert_start,alert_end,nb_anomalies,worst_score,duration,date,density,severity,severity_score,egauge,register,alert_type
0,2026-05-12T08:54:47.000Z,2026-05-12T09:52:12.000Z,465,-0.2960994977651396,3445.0,2026-05-12,0.13497822927867106,HIGH,1219.5888298493296,egauge90773,i11,Production Anomaly
1,2026-05-12T10:38:07.000Z,2026-05-12T10:43:51.000Z,11,-0.0245828146146136,344.0,2026-05-12,0.03197674409309086,MEDIUM,107.6073748443844,egauge90773,i11,Production Anomaly
2,2026-05-12T11:43:20.000Z,2026-05-12T11:43:21.000Z,2,0.0119908239651796,1.0,2026-05-12,1.9999980000020001,MEDIUM,1.1035972471895539,egauge90773,i11,Production Anomaly
3,2026-05-12T12:11:56.000Z,2026-05-12T12:11:56.000Z,1,0.0128477014206976,0.0,2026-05-12,1000000.0,MEDIUM,0.4038543104262093,egauge90773,i11,Production Anomaly
4,2026-05-12T12:30:27.000Z,2026-05-12T12:30:27.000Z,1,0.0019779995110245,0.0,2026-05-12,1000000.0,MEDIUM,0.4005933998533074,egauge90773,i11,Production Anomaly
5,2026-05-12T13:52:26.000Z,2026-05-12T13:58:56.000Z,2,-0.0052682080128501,390.0,2026-05-12,0.005128205115055884,MEDIUM,117.80158046240385,egauge90773,i11,Production Anomaly
6,2026-05-12T14:46:26.000Z,2026-05-12T14:46:26.000Z,1,0.0161293456475216,0.0,2026-05-12,1000000.0,MEDIUM,0.4048388036942565,egauge90773,i11,Production Anomaly
7,2026-05-12T14:58:51.000Z,2026-05-12T14:58:51.000Z,1,0.002352736030984,0.0,2026-05-12,1000000.0,MEDIUM,0.40070582080929523,egauge90773,i11,Production Anomaly
8,2026-05-12T15:38:16.000Z,2026-05-12T16:06:04.000Z,10,-0.0433780796169277,1668.0,2026-05-12,0.005995203833336208,MEDIUM,504.41301342388505,egauge90773,i11,Production Anomaly
9,2026-05-12T16:20:16.000Z,2026-05-12T16:20:16.000Z,1,-0.0333026239042409,0.0,2026-05-12,1000000.0,MEDIUM,0.4099907871712723,egauge90773,i11,Production Anomaly
10,2026-05-12T16:56:09.000Z,2026-05-12T17:03:16.000Z,2,0.0082884721305246,427.0,2026-05-12,0.004683840738445338,MEDIUM,128.90248654163915,egauge90773,i11,Production Anomaly
11,2026-05-12T17:18:51.000Z,2026-05-12T17:18:51.000Z,1,-3.066577968993123E-4,0.0,2026-05-12,1000000.0,MEDIUM,0.4000919973390698,egauge90773,i11,Production Anomaly
12,2026-05-12T17:41:34.000Z,2026-05-12T17:41:34.000Z,1,0.0017976598713426,0.0,2026-05-12,1000000.0,MEDIUM,0.4005392979614028,egauge90773,i11,Production Anomaly
13,2026-05-12T18:11:48.000Z,2026-05-12T18:11:48.000Z,1,0.0152749794303181,0.0,2026-05-12,1000000.0,MEDIUM,0.40458249382909545,egauge90773,i11,Production Anomaly
14,2026-05-12T18:34:47.000Z,2026-05-12T18:41:41.000Z,4,-6.332330275859999E-4,414.0,2026-05-12,0.009661835725454503,MEDIUM,125.80018996990826,egauge90773,i11,Production Anomaly
15,2026-05-12T19:01:11.000Z,2026-05-12T19:01:11.000Z,1,0.0070252307990524,0.0,2026-05-12,1000000.0,MEDIUM,0.40210756923971575,egauge90773,i11,Production Anomaly
16,2026-05-12T19:24:34.000Z,2026-05-12T19:28:39.000Z,3,-0.0424284739590529,245.0,2026-05-12,0.0122448979092045,MEDIUM,74.71272854218772,egauge90773,i11,Production Anomaly
17,2026-05-12T20:12:10.000Z,2026-05-12T20:18:42.000Z,5,-0.0509492599416104,392.0,2026-05-12,0.012755102008277801,MEDIUM,119.61528477798248,egauge90773,i11,Production Anomaly
18,2026-05-12T21:02:07.000Z,2026-05-12T21:26:08.000Z,9,-0.0262601312045266,1441.0,2026-05-12,0.006245662729878096,MEDIUM,435.9078780393614,egauge90773,i11,Production Anomaly
19,2026-05-12T21:45:43.000Z,2026-05-12T22:11:18.000Z,9,-0.0634296230784814,1535.0,2026-05-12,0.005863192178590754,MEDIUM,464.11902888692356,egauge90773,i11,Production Anomaly
20,2026-05-12T22:23:47.000Z,2026-05-12T22:23:48.000Z,2,-0.0411302710376613,1.0,2026-05-12,1.9999980000020001,MEDIUM,1.1123390813112985,egauge90773,i11,Production Anomaly
21,2026-05-12T22:47:58.000Z,2026-05-12T22:56:05.000Z,10,-0.0080931982041917,487.0,2026-05-12,0.020533880861326733,MEDIUM,150.10242795946124,egauge90773,i11,Production Anomaly
22,2026-05-12T23:28:00.000Z,2026-05-12T23:28:00.000Z,1,0.0182746565274314,0.0,2026-05-12,1000000.0,MEDIUM,0.40548239695822946,egauge90773,i11,Production Anomaly
23,2026-05-12T23:41:40.000Z,2026-05-12T23:41:52.000Z,3,-0.0128942717636942,12.0,2026-05-12,0.2499999791666684,MEDIUM,4.803868281529108,egauge90773,i11,Production Anomaly
24,2026-05-13T00:13:23.000Z,2026-05-13T00:32:03.000Z,5,-0.013277572123173,1120.0,2026-05-13,0.0044642857102997445,MEDIUM,338.00398327163697,egauge90773,i11,Production Anomaly
25,2026-05-13T00:46:30.000Z,2026-05-13T00:46:30.000Z,1,0.0126628375385932,0.0,2026-05-13,1000000.0,MEDIUM,0.403798851261578,egauge90773,i11,Production Anomaly
26,2026-05-13T01:02:08.000Z,2026-05-13T01:11:03.000Z,2,-0.0046621622215018,535.0,2026-05-13,0.003738317750021836,MEDIUM,161.30139864866646,egauge90773,i11,Production Anomaly
27,2026-05-13T01:30:41.000Z,2026-05-13T01:30:53.000Z,4,-0.0305830781857494,12.0,2026-05-13,0.3333333055555579,MEDIUM,5.209174923455724,egauge90773,i11,Production Anomaly
28,2026-05-13T01:43:09.000Z,2026-05-13T01:43:10.000Z,2,-0.0070608916480399,1.0,2026-05-13,1.9999980000020001,MEDIUM,1.102118267494412,egauge90773,i11,Production Anomaly
29,2026-05-13T02:00:47.000Z,2026-05-13T02:21:36.000Z,13,-0.0504708169816431,1249.0,2026-05-13,0.010408326652995735,MEDIUM,379.91514124509445,egauge90773,i11,Production Anomaly
30,2026-05-13T02:39:13.000Z,2026-05-13T03:04:09.000Z,18,-0.0949831571441484,1496.0,2026-05-13,0.012032085553454487,MEDIUM,456.02849494714326,egauge90773,i11,Production Anomaly
31,2026-05-13T03:17:39.000Z,2026-05-13T03:17:39.000Z,1,0.0044122752877051,0.0,2026-05-13,1000000.0,MEDIUM,0.40132368258631157,egauge90773,i11,Production Anomaly
32,2026-05-13T03:32:04.000Z,2026-05-13T03:42:48.000Z,4,-0.0471788964486123,644.0,2026-05-13,0.0062111801145789125,MEDIUM,194.81415366893458,egauge90773,i11,Production Anomaly
33,2026-05-13T03:57:14.000Z,2026-05-13T03:58:15.000Z,3,6.726702936540874E-4,61.0,2026-05-13,0.049180327062617595,LOW,19.500201801088096,egauge90773,i11,Production Anomaly
34,2026-05-13T04:11:54.000Z,2026-05-13T04:11:54.000Z,1,0.0178525219276109,0.0,2026-05-13,1000000.0,MEDIUM,0.40535575657828327,egauge90773,i11,Production Anomaly
35,2026-05-13T04:35:08.000Z,2026-05-13T04:37:17.000Z,2,0.0129694262181751,129.0,2026-05-13,0.015503875848807164,MEDIUM,39.50389082786545,egauge90773,i11,Production Anomaly
36,2026-05-13T05:28:58.000Z,2026-05-13T05:35:37.000Z,2,0.0114036982359062,399.0,2026-05-13,0.005012531315758067,MEDIUM,120.50342110947076,egauge90773,i11,Production Anomaly
37,2026-05-13T05:59:01.000Z,2026-05-13T05:59:24.000Z,4,-0.0081997184413468,23.0,2026-05-13,0.17391303591682453,MEDIUM,8.502459915532404,egauge90773,i11,Production Anomaly
38,2026-05-13T06:23:57.000Z,2026-05-13T06:37:33.000Z,5,-0.0363419883747391,816.0,2026-05-13,0.0061274509728830254,MEDIUM,246.8109025965124,egauge90773,i11,Production Anomaly
39,2026-05-13T06:49:58.000Z,2026-05-13T06:49:58.000Z,1,-0.0335753367279285,0.0,2026-05-13,1000000.0,MEDIUM,0.41007260101837856,egauge90773,i11,Production Anomaly
40,2026-05-13T07:28:13.000Z,2026-05-13T07:28:13.000Z,1,0.0190848978815786,0.0,2026-05-13,1000000.0,MEDIUM,0.4057254693644736,egauge90773,i11,Production Anomaly
41,2026-05-13T07:53:16.000Z,2026-05-13T08:16:45.000Z,8,-0.0347243765815701,1409.0,2026-05-13,0.005677785659561543,MEDIUM,425.91041731297446,egauge90773,i11,Production Anomaly
42,2026-05-13T09:30:30.000Z,2026-05-13T09:48:45.000Z,4,-0.0238727990583466,1095.0,2026-05-13,0.003652968033193636,MEDIUM,330.10716183971755,egauge90773,i11,Production Anomaly
43,2026-05-13T10:14:51.000Z,2026-05-13T10:31:25.000Z,9,-0.0843100936174503,994.0,2026-05-13,0.009054325946625426,MEDIUM,301.82529302808524,egauge90773,i11,Production Anomaly
44,2026-05-13T10:52:29.000Z,2026-05-13T10:52:29.000Z,1,-0.0036075396397873,0.0,2026-05-13,1000000.0,MEDIUM,0.4010822618919362,egauge90773,i11,Production Anomaly
45,2026-05-13T11:10:01.000Z,2026-05-13T11:10:01.000Z,1,0.0186625642467678,0.0,2026-05-13,1000000.0,MEDIUM,0.4055987692740304,egauge90773,i11,Production Anomaly
46,2026-05-13T11:21:50.000Z,2026-05-13T11:22:03.000Z,3,-0.0018625193223696,13.0,2026-05-13,0.23076921301775286,MEDIUM,5.100558755796711,egauge90773,i11,Production Anomaly
47,2026-05-13T11:37:26.000Z,2026-05-13T11:41:57.000Z,2,-0.0498749070658623,271.0,2026-05-13,0.007380073773505263,MEDIUM,82.11496247211976,egauge90773,i11,Production Anomaly
48,2026-05-13T11:53:45.000Z,2026-05-13T11:53:45.000Z,1,0.0131248828812112,0.0,2026-05-13,1000000.0,MEDIUM,0.4039374648643634,egauge90773,i11,Production Anomaly
49,2026-05-13T12:12:52.000Z,2026-05-13T12:23:18.000Z,6,-0.044928823032422,626.0,2026-05-13,0.009584664521430248,MEDIUM,190.21347864690972,egauge90773,i11,Production Anomaly
50,2026-05-13T12:37:53.000Z,2026-05-13T13:00:32.000Z,10,-0.0447572839629469,1359.0,2026-05-13,0.007358351723798122,MEDIUM,411.7134271851889,egauge90773,i11,Production Anomaly
51,2026-05-13T13:13:08.000Z,2026-05-13T13:14:08.000Z,3,-0.0307710637331496,60.0,2026-05-13,0.049999999166666684,LOW,19.209231319119944,egauge90773,i11,Production Anomaly
52,2026-05-13T13:31:28.000Z,2026-05-13T13:31:28.000Z,1,-0.0021023357068746,0.0,2026-05-13,1000000.0,MEDIUM,0.4006307007120624,egauge90773,i11,Production Anomaly
53,2026-05-13T13:54:43.000Z,2026-05-13T13:54:43.000Z,1,0.0166601619438605,0.0,2026-05-13,1000000.0,MEDIUM,0.4049980485831582,egauge90773,i11,Production Anomaly
54,2026-05-24T02:30:50.000Z,2026-05-24T03:08:54.000Z,1008,-0.3322910754992703,2284.0,2026-05-24,0.4413309980554593,HIGH,1088.4996873226498,egauge90773,i11,Production Anomaly
55,2026-06-04T03:24:42.000Z,2026-06-04T04:05:17.000Z,341,-0.2990810580868417,2435.0,2026-06-04,0.14004106770429525,HIGH,866.9897243174261,egauge90773,i11,Production Anomaly
56,2026-06-04T05:00:32.000Z,2026-06-04T05:09:45.000Z,21,-0.3049702433883177,553.0,2026-06-04,0.037974683475633486,HIGH,174.3914910730165,egauge90773,i11,Production Anomaly
57,2026-06-04T05:27:52.000Z,2026-06-04T05:29:03.000Z,2,-0.0276957446092472,71.0,2026-06-04,0.028169013687760373,LOW,22.108308723382777,egauge90773,i11,Production Anomaly
58,2026-06-04T05:50:11.000Z,2026-06-04T05:57:27.000Z,8,-0.0896630677895143,436.0,2026-06-04,0.01834862381112701,MEDIUM,134.02689892033683,egauge90773,i11,Production Anomaly
59,2026-06-04T06:30:57.000Z,2026-06-04T06:30:57.000Z,1,0.0176484804661196,0.0,2026-06-04,1000000.0,MEDIUM,0.4052945441398359,egauge90773,i11,Production Anomaly
60,2026-06-04T06:44:10.000Z,2026-06-04T06:44:10.000Z,1,0.0093186070640143,0.0,2026-06-04,1000000.0,MEDIUM,0.4027955821192043,egauge90773,i11,Production Anomaly
61,2026-06-04T07:29:56.000Z,2026-06-04T07:32:18.000Z,7,-0.0249605496816959,142.0,2026-06-04,0.04929577430073399,MEDIUM,45.40748816490451,egauge90773,i11,Production Anomaly
62,2026-06-04T07:49:14.000Z,2026-06-04T07:51:12.000Z,2,-0.0374302743675603,118.0,2026-06-04,0.016949152398735998,LOW,36.21122908231026,egauge90773,i11,Production Anomaly
63,2026-06-04T08:09:44.000Z,2026-06-04T08:21:02.000Z,4,-0.116126870546358,678.0,2026-06-04,0.005899705006047633,MEDIUM,205.0348380611639,egauge90773,i11,Production Anomaly
64,2026-06-04T08:45:07.000Z,2026-06-04T08:45:07.000Z,1,-0.0501231228176838,0.0,2026-06-04,1000000.0,MEDIUM,0.4150369368453052,egauge90773,i11,Production Anomaly
65,2026-06-04T09:08:36.000Z,2026-06-04T09:11:23.000Z,3,-0.0436816097961688,167.0,2026-06-04,0.017964071748718134,MEDIUM,51.313104482938854,egauge90773,i11,Production Anomaly
66,2026-06-04T09:54:34.000Z,2026-06-04T10:01:52.000Z,5,-0.0031314383137703,438.0,2026-06-04,0.01141552508809241,MEDIUM,133.40093943149412,egauge90773,i11,Production Anomaly
67,2026-06-04T10:31:49.000Z,2026-06-04T10:52:14.000Z,6,-3.192551615799344E-4,1225.0,2026-06-04,0.0048979591796751345,MEDIUM,369.9000957765484,egauge90773,i11,Production Anomaly
68,2026-06-04T11:09:28.000Z,2026-06-04T11:12:49.000Z,2,0.0032373923441954,201.0,2026-06-04,0.009950248706715181,MEDIUM,61.100971217703254,egauge90773,i11,Production Anomaly
69,2026-06-04T11:25:14.000Z,2026-06-04T11:44:34.000Z,25,-0.1156881363982276,1160.0,2026-06-04,0.02155172411935196,MEDIUM,358.0347064409195,egauge90773,i11,Production Anomaly
70,2026-06-04T11:56:58.000Z,2026-06-04T11:56:59.000Z,2,0.0011314192055807,1.0,2026-06-04,1.9999980000020001,MEDIUM,1.1003394257616743,egauge90773,i11,Production Anomaly
71,2026-06-04T12:10:34.000Z,2026-06-04T12:42:31.000Z,20,-0.0693451132177968,1917.0,2026-06-04,0.01043296817400471,MEDIUM,583.1208035339654,egauge90773,i11,Production Anomaly
72,2026-06-04T12:56:18.000Z,2026-06-04T12:56:18.000Z,1,-0.0457106299488215,0.0,2026-06-04,1000000.0,MEDIUM,0.4137131889846465,egauge90773,i11,Production Anomaly
73,2026-06-04T13:16:13.000Z,2026-06-04T13:31:48.000Z,8,-0.0422837032228196,935.0,2026-06-04,0.008556149723469358,MEDIUM,283.71268511096685,egauge90773,i11,Production Anomaly
74,2026-06-04T13:52:05.000Z,2026-06-04T14:47:06.000Z,20,-0.0951985464768842,3301.0,2026-06-04,0.006058770067840421,MEDIUM,998.328559563943,egauge90773,i11,Production Anomaly
75,2026-06-04T15:01:40.000Z,2026-06-04T15:17:51.000Z,9,-0.0661832466696725,971.0,2026-06-04,0.009268795047097019,MEDIUM,294.91985497400094,egauge90773,i11,Production Anomaly
76,2026-06-04T15:29:39.000Z,2026-06-04T15:54:41.000Z,8,-0.0159021509950996,1502.0,2026-06-04,0.005326231687532468,MEDIUM,453.8047706452985,egauge90773,i11,Production Anomaly
77,2026-06-04T16:07:53.000Z,2026-06-04T16:56:10.000Z,19,-0.042749893326569,2897.0,2026-06-04,0.006558508799945286,MEDIUM,876.712824967998,egauge90773,i11,Production Anomaly
78,2026-06-04T17:09:23.000Z,2026-06-04T17:12:31.000Z,3,0.0088358835034187,188.0,2026-06-04,0.015957446723630603,MEDIUM,57.602650765051024,egauge90773,i11,Production Anomaly
79,2026-06-04T17:27:20.000Z,2026-06-04T17:40:10.000Z,7,-0.0471893322613231,770.0,2026-06-04,0.009090909079102715,MEDIUM,233.81415679967841,egauge90773,i11,Production Anomaly
80,2026-06-04T18:01:14.000Z,2026-06-04T18:34:50.000Z,11,-0.0505172193264923,2016.0,2026-06-04,0.0054563492036426835,MEDIUM,609.2151551657979,egauge90773,i11,Production Anomaly
81,2026-06-04T19:02:39.000Z,2026-06-04T19:41:58.000Z,12,-0.0700018861434822,2359.0,2026-06-04,0.005086901227178084,MEDIUM,712.5210005658429,egauge90773,i11,Production Anomaly
82,2026-06-04T19:56:47.000Z,2026-06-04T20:05:41.000Z,10,-0.033056496553027,534.0,2026-06-04,0.0187265917252311,MEDIUM,164.20991694896588,egauge90773,i11,Production Anomaly
83,2026-06-04T20:20:07.000Z,2026-06-04T20:46:02.000Z,12,-0.0668862637205947,1555.0,2026-06-04,0.007717041795680358,MEDIUM,471.3200658791162,egauge90773,i11,Production Anomaly
84,2026-06-04T21:13:19.000Z,2026-06-04T21:31:16.000Z,9,-0.0272211056563799,1077.0,2026-06-04,0.008356545953243689,MEDIUM,326.70816633169693,egauge90773,i11,Production Anomaly
85,2026-06-04T21:46:27.000Z,2026-06-04T22:22:56.000Z,13,-0.1259369301525379,2189.0,2026-06-04,0.005938784830544183,MEDIUM,661.9377810790457,egauge90773,i11,Production Anomaly
86,2026-06-04T22:58:54.000Z,2026-06-04T23:06:12.000Z,2,-0.001696409128741,438.0,2026-06-04,0.004566210035236964,MEDIUM,132.20050892273863,egauge90773,i11,Production Anomaly
87,2026-06-04T23:44:56.000Z,2026-06-04T23:46:41.000Z,2,-0.0184683980372276,105.0,2026-06-04,0.019047618866213156,LOW,32.30554051941117,egauge90773,i11,Production Anomaly
88,2026-06-05T00:00:09.000Z,2026-06-05T00:30:28.000Z,12,-0.0905524403800924,1819.0,2026-06-05,0.00659703133227211,MEDIUM,550.5271657321139,egauge90773,i11,Production Anomaly
89,2026-06-05T01:03:11.000Z,2026-06-05T01:03:11.000Z,1,-0.0093986633596868,0.0,2026-06-05,1000000.0,MEDIUM,0.40281959900790604,egauge90773,i11,Production Anomaly
90,2026-06-05T01:28:02.000Z,2026-06-05T01:30:06.000Z,99,-0.1693001696987573,124.0,2026-06-05,0.798387090335588,MEDIUM,76.85079005090962,egauge90773,i11,Production Anomaly
91,2026-06-06T03:19:07.000Z,2026-06-06T03:44:30.000Z,395,-0.3182981491070211,1523.0,2026-06-06,0.2593565329879471,HIGH,614.9954894447321,egauge90773,i11,Production Anomaly
92,2026-06-06T04:07:09.000Z,2026-06-06T05:03:57.000Z,55,-0.2887994814190857,3408.0,2026-06-06,0.016138497647846684,HIGH,1044.4866398444258,egauge90773,i11,Production Anomaly
93,2026-06-06T05:24:27.000Z,2026-06-06T05:24:27.000Z,1,0.0147357013597215,0.0,2026-06-06,1000000.0,MEDIUM,0.4044207104079165,egauge90773,i11,Production Anomaly
94,2026-06-06T05:45:24.000Z,2026-06-06T05:53:53.000Z,3,0.0141374021392249,509.0,2026-06-06,0.005893909615139667,MEDIUM,153.90424122064175,egauge90773,i11,Production Anomaly
95,2026-06-06T06:06:20.000Z,2026-06-06T06:19:34.000Z,8,-0.0140108357593928,794.0,2026-06-06,0.010075566737940092,MEDIUM,241.4042032507278,egauge90773,i11,Production Anomaly
96,2026-06-06T06:57:24.000Z,2026-06-06T07:04:19.000Z,7,-0.0723702351027709,415.0,2026-06-06,0.016867469838873567,MEDIUM,127.32171107053082,egauge90773,i11,Production Anomaly
97,2026-06-06T07:39:00.000Z,2026-06-06T07:39:00.000Z,1,0.0159973962178471,0.0,2026-06-06,1000000.0,MEDIUM,0.40479921886535414,egauge90773,i11,Production Anomaly
98,2026-06-06T07:56:31.000Z,2026-06-06T08:16:52.000Z,8,-0.0672010170990682,1221.0,2026-06-06,0.0065520065466404525,MEDIUM,369.5201603051297,egauge90773,i11,Production Anomaly
99,2026-06-06T08:30:04.000Z,2026-06-06T08:32:33.000Z,2,-0.0033047220797791,149.0,2026-06-06,0.013422818701860278,MEDIUM,45.500991416623926,egauge90773,i11,Production Anomaly
100,2026-06-06T08:56:08.000Z,2026-06-06T09:15:06.000Z,3,-0.0240931707327525,1138.0,2026-06-06,0.0026362038641158138,MEDIUM,342.6072279512198,egauge90773,i11,Production Anomaly
101,2026-06-06T09:51:23.000Z,2026-06-06T09:51:24.000Z,2,0.0049873218106268,1.0,2026-06-06,1.9999980000020001,MEDIUM,1.1014961965431882,egauge90773,i11,Production Anomaly
102,2026-06-06T10:04:08.000Z,2026-06-06T10:04:08.000Z,1,0.0158464768584501,0.0,2026-06-06,1000000.0,MEDIUM,0.40475394305753504,egauge90773,i11,Production Anomaly
103,2026-06-06T10:35:01.000Z,2026-06-06T10:35:01.000Z,1,0.0024992537854663,0.0,2026-06-06,1000000.0,MEDIUM,0.4007497761356399,egauge90773,i11,Production Anomaly
104,2026-06-06T11:01:45.000Z,2026-06-06T11:14:45.000Z,5,-0.025386601575106,780.0,2026-06-06,0.006410256402038132,MEDIUM,236.00761598047254,egauge90773,i11,Production Anomaly
105,2026-06-06T11:49:19.000Z,2026-06-06T11:49:19.000Z,1,0.0121523893927491,0.0,2026-06-06,1000000.0,MEDIUM,0.40364571681782474,egauge90773,i11,Production Anomaly
106,2026-06-06T12:18:01.000Z,2026-06-06T12:19:47.000Z,3,0.0014689218912837,106.0,2026-06-06,0.0283018865254539,LOW,33.000440676567386,egauge90773,i11,Production Anomaly
107,2026-06-06T12:50:27.000Z,2026-06-06T12:54:00.000Z,2,0.0107101504506224,213.0,2026-06-06,0.009389671317419383,MEDIUM,64.70321304513519,egauge90773,i11,Production Anomaly
108,2026-06-06T13:06:10.000Z,2026-06-06T13:06:11.000Z,2,-0.0265701280958581,1.0,2026-06-06,1.9999980000020001,MEDIUM,1.1079710384287575,egauge90773,i11,Production Anomaly
109,2026-06-06T13:31:03.000Z,2026-06-06T13:31:03.000Z,1,0.0143362791149704,0.0,2026-06-06,1000000.0,MEDIUM,0.40430088373449113,egauge90773,i11,Production Anomaly
110,2026-06-06T13:43:09.000Z,2026-06-06T13:43:09.000Z,1,0.0112808636641546,0.0,2026-06-06,1000000.0,MEDIUM,0.4033842590992464,egauge90773,i11,Production Anomaly
111,2026-06-06T14:04:32.000Z,2026-06-06T14:09:40.000Z,2,-0.0026657693336905,308.0,2026-06-06,0.0064935064724236805,MEDIUM,93.2007997308001,egauge90773,i11,Production Anomaly
112,2026-06-06T14:26:47.000Z,2026-06-06T14:36:01.000Z,12,-0.1518853548693204,554.0,2026-06-06,0.02166064978039594,MEDIUM,171.0455656064608,egauge90773,i11,Production Anomaly
113,2026-06-06T15:02:32.000Z,2026-06-06T15:10:59.000Z,2,0.0057193556858853,507.0,2026-06-06,0.003944773167761788,MEDIUM,152.90171580670577,egauge90773,i11,Production Anomaly
114,2026-06-06T15:27:52.000Z,2026-06-06T15:27:52.000Z,1,0.0116117435953055,0.0,2026-06-06,1000000.0,MEDIUM,0.4034835230785917,egauge90773,i11,Production Anomaly
115,2026-06-06T15:55:23.000Z,2026-06-06T15:55:24.000Z,2,-0.0815385296988167,1.0,2026-06-06,1.9999980000020001,MEDIUM,1.1244615589096452,egauge90773,i11,Production Anomaly
116,2026-06-06T16:12:17.000Z,2026-06-06T16:12:17.000Z,1,0.0123899154117687,0.0,2026-06-06,1000000.0,MEDIUM,0.4037169746235306,egauge90773,i11,Production Anomaly
117,2026-06-06T16:34:18.000Z,2026-06-06T16:45:31.000Z,4,-0.018656745992909,673.0,2026-06-06,0.005943536395329069,MEDIUM,203.50559702379786,egauge90773,i11,Production Anomaly
118,2026-06-06T17:02:36.000Z,2026-06-06T17:02:36.000Z,1,-0.0025835449940904,0.0,2026-06-06,1000000.0,MEDIUM,0.40077506349822717,egauge90773,i11,Production Anomaly
119,2026-06-06T17:24:14.000Z,2026-06-06T17:51:20.000Z,11,-0.0937942605603932,1626.0,2026-06-06,0.006765067646515948,MEDIUM,492.22813827816805,egauge90773,i11,Production Anomaly
120,2026-06-06T18:53:16.000Z,2026-06-06T19:00:30.000Z,2,-0.0108511370378714,434.0,2026-06-06,0.004608294920257385,MEDIUM,131.00325534111136,egauge90773,i11,Production Anomaly
121,2026-06-06T19:52:19.000Z,2026-06-06T20:05:23.000Z,10,-0.0575075524614377,784.0,2026-06-06,0.012755102024547063,MEDIUM,239.2172522657384,egauge90773,i11,Production Anomaly
122,2026-06-06T20:32:54.000Z,2026-06-06T21:06:30.000Z,7,-0.0883893836485593,2016.0,2026-06-06,0.0034722222204998897,MEDIUM,607.6265168150945,egauge90773,i11,Production Anomaly
123,2026-06-06T21:38:57.000Z,2026-06-06T21:41:29.000Z,3,-0.0105264596141744,152.0,2026-06-06,0.019736841975415514,MEDIUM,46.80315793788426,egauge90773,i11,Production Anomaly
124,2026-06-06T22:14:07.000Z,2026-06-06T22:26:53.000Z,4,-0.0369878136819175,766.0,2026-06-06,0.0052219321080653625,MEDIUM,231.41109634410455,egauge90773,i11,Production Anomaly
125,2026-06-06T22:39:03.000Z,2026-06-06T22:39:03.000Z,1,-0.0442031657253938,0.0,2026-06-06,1000000.0,MEDIUM,0.4132609497176182,egauge90773,i11,Production Anomaly
126,2026-06-06T23:07:32.000Z,2026-06-06T23:15:49.000Z,3,-0.0143298460348915,497.0,2026-06-06,0.006036217291677631,MEDIUM,150.30429895381045,egauge90773,i11,Production Anomaly
127,2026-06-07T00:26:09.000Z,2026-06-07T00:33:26.000Z,6,-0.0579369891264869,437.0,2026-06-07,0.013729977085286093,MEDIUM,133.51738109673795,egauge90773,i11,Production Anomaly
128,2026-06-07T00:52:17.000Z,2026-06-07T00:52:17.000Z,1,0.0037525109297992,0.0,2026-06-07,1000000.0,MEDIUM,0.4011257532789398,egauge90773,i11,Production Anomaly
129,2026-06-07T01:21:36.000Z,2026-06-07T01:22:45.000Z,4,-0.031916621441277,69.0,2026-06-07,0.05797101365259401,MEDIUM,22.309574986432384,egauge90773,i11,Production Anomaly
130,2026-06-07T01:42:59.000Z,2026-06-07T01:43:00.000Z,2,-0.0186624443269357,1.0,2026-06-07,1.9999980000020001,MEDIUM,1.1055987332980808,egauge90773,i11,Production Anomaly
131,2026-06-07T03:03:24.000Z,2026-06-07T03:16:33.000Z,4,-0.0250386695114189,789.0,2026-06-07,0.005069708485336237,MEDIUM,238.30751160085342,egauge90773,i11,Production Anomaly
132,2026-06-07T03:29:33.000Z,2026-06-07T03:34:17.000Z,6,-0.0872369431531947,284.0,2026-06-07,0.02112676048899028,MEDIUM,87.62617108294597,egauge90773,i11,Production Anomaly
133,2026-06-07T03:59:20.000Z,2026-06-07T04:18:35.000Z,8,-9.822412327320509E-4,1155.0,2026-06-07,0.006926406920410037,MEDIUM,349.7002946723698,egauge90773,i11,Production Anomaly
134,2026-06-07T04:43:51.000Z,2026-06-07T05:23:43.000Z,9,-0.0579486639952137,2392.0,2026-06-07,0.0037625418044470982,MEDIUM,721.2173845991986,egauge90773,i11,Production Anomaly
135,2026-06-07T05:42:59.000Z,2026-06-07T06:03:25.000Z,10,-0.0484010820371874,1226.0,2026-06-07,0.008156606844896731,MEDIUM,371.8145203246112,egauge90773,i11,Production Anomaly
136,2026-06-07T06:16:35.000Z,2026-06-07T06:16:35.000Z,1,0.012013538150735,0.0,2026-06-07,1000000.0,MEDIUM,0.40360406144522054,egauge90773,i11,Production Anomaly
137,2026-06-07T06:40:11.000Z,2026-06-07T06:51:34.000Z,215,-0.296312096928732,683.0,2026-06-07,0.3147877008568262,HIGH,290.9888936290786,egauge90773,i11,Production Anomaly
138,2026-06-07T07:03:16.000Z,2026-06-07T07:22:33.000Z,5,0.00386183456597,1157.0,2026-06-07,0.004321521171718651,MEDIUM,349.10115855036975,egauge90773,i11,Production Anomaly
139,2026-06-07T07:39:49.000Z,2026-06-07T08:20:53.000Z,15,-0.0508613845985036,2464.0,2026-06-07,0.006087662335191695,MEDIUM,745.2152584153795,egauge90773,i11,Production Anomaly
140,2026-06-07T08:39:45.000Z,2026-06-07T08:42:53.000Z,2,-0.0190013490524301,188.0,2026-06-07,0.010638297815753735,MEDIUM,57.20570040471573,egauge90773,i11,Production Anomaly
141,2026-06-07T08:58:26.000Z,2026-06-07T09:34:58.000Z,12,-0.0920625422016709,2192.0,2026-06-07,0.0054744525522470566,MEDIUM,662.4276187626605,egauge90773,i11,Production Anomaly
142,2026-06-07T09:53:02.000Z,2026-06-07T10:43:56.000Z,24,-0.0696560000161142,3054.0,2026-06-07,0.007858546166385545,MEDIUM,925.8208968000048,egauge90773,i11,Production Anomaly
143,2026-06-07T11:03:11.000Z,2026-06-07T11:03:13.000Z,2,-0.0180603913981372,2.0,2026-06-07,0.99999950000025,MEDIUM,1.4054181174194411,egauge90773,i11,Production Anomaly
144,2026-06-07T11:15:12.000Z,2026-06-07T11:46:02.000Z,7,-0.0586760893722714,1850.0,2026-06-07,0.003783783781738495,MEDIUM,557.8176028268116,egauge90773,i11,Production Anomaly
145,2026-06-07T12:01:11.000Z,2026-06-07T12:46:57.000Z,21,-0.047160620377332,2746.0,2026-06-07,0.0076474872514029546,MEDIUM,832.2141481861131,egauge90773,i11,Production Anomaly
146,2026-06-07T12:59:08.000Z,2026-06-07T12:59:08.000Z,1,-0.0016775745157002,0.0,2026-06-07,1000000.0,MEDIUM,0.40050327235471006,egauge90773,i11,Production Anomaly
147,2026-06-07T13:25:35.000Z,2026-06-07T14:06:57.000Z,15,-0.058502526044706,2482.0,2026-06-07,0.006043513293294314,MEDIUM,750.6175507578134,egauge90773,i11,Production Anomaly
148,2026-06-07T14:45:54.000Z,2026-06-07T15:40:45.000Z,39,-0.2859612089373697,3291.0,2026-06-07,0.011850501363764662,HIGH,1002.9857883626812,egauge90773,i11,Production Anomaly
149,2026-06-07T16:00:25.000Z,2026-06-07T16:02:22.000Z,2,0.0100522402230611,117.0,2026-06-07,0.017094016947914386,LOW,35.903015672066914,egauge90773,i11,Production Anomaly
150,2026-06-07T16:17:19.000Z,2026-06-07T17:55:58.000Z,39,-0.0809913810627028,5919.0,2026-06-07,0.006588950835176727,MEDIUM,1791.3242974143188,egauge90773,i11,Production Anomaly
151,2026-06-07T18:08:33.000Z,2026-06-07T18:21:20.000Z,5,-0.0158222360251822,767.0,2026-06-07,0.006518904815490346,MEDIUM,232.10474667080754,egauge90773,i11,Production Anomaly
152,2026-06-07T18:36:39.000Z,2026-06-07T18:49:49.000Z,8,-0.04355505434267,790.0,2026-06-07,0.010126582265662555,MEDIUM,240.2130665163028,egauge90773,i11,Production Anomaly
153,2026-06-07T19:06:09.000Z,2026-06-07T19:19:19.000Z,4,-0.0170097483536262,790.0,2026-06-07,0.005063291132831277,MEDIUM,238.60510292450607,egauge90773,i11,Production Anomaly
154,2026-06-07T19:31:07.000Z,2026-06-07T19:54:53.000Z,5,-0.0898584140362848,1426.0,2026-06-07,0.003506311357989964,MEDIUM,429.8269575242109,egauge90773,i11,Production Anomaly
155,2026-06-07T20:12:11.000Z,2026-06-07T20:17:53.000Z,5,-0.0835464310349201,342.0,2026-06-07,0.014619882998187476,MEDIUM,104.62506392931047,egauge90773,i11,Production Anomaly
156,2026-06-07T20:47:46.000Z,2026-06-07T20:47:46.000Z,1,0.0141196570723854,0.0,2026-06-07,1000000.0,MEDIUM,0.40423589712171565,egauge90773,i11,Production Anomaly
157,2026-06-07T21:10:36.000Z,2026-06-07T21:16:28.000Z,2,0.0090820432617556,352.0,2026-06-07,0.005681818165676653,MEDIUM,106.40272461297852,egauge90773,i11,Production Anomaly
158,2026-06-07T21:35:45.000Z,2026-06-07T21:36:38.000Z,2,-0.01332530738966,53.0,2026-06-07,0.03773584834460664,LOW,16.703997592216897,egauge90773,i11,Production Anomaly
159,2026-06-07T21:59:57.000Z,2026-06-07T22:16:49.000Z,5,-0.0601731001462637,1012.0,2026-06-07,0.004940711457568467,MEDIUM,305.61805193004386,egauge90773,i11,Production Anomaly
160,2026-06-07T22:34:30.000Z,2026-06-07T22:52:48.000Z,4,-0.0015586249970969,1098.0,2026-06-07,0.003642987246226787,MEDIUM,331.00046758749914,egauge90773,i11,Production Anomaly
161,2026-06-07T23:11:05.000Z,2026-06-07T23:18:45.000Z,4,-0.0458794432345531,460.0,2026-06-07,0.008695652155009451,MEDIUM,139.61376383297036,egauge90773,i11,Production Anomaly
162,2026-06-07T23:37:26.000Z,2026-06-08T00:22:28.000Z,25,-0.0691595440962788,2702.0,2026-06-07,0.009252405622038341,MEDIUM,820.6207478632289,egauge90773,i11,Production Anomaly
163,2026-06-08T00:44:18.000Z,2026-06-08T00:53:46.000Z,4,-0.0087726870892561,568.0,2026-06-08,0.007042253508728427,MEDIUM,172.00263180612677,egauge90773,i11,Production Anomaly
164,2026-06-08T01:18:14.000Z,2026-06-08T01:26:22.000Z,2,0.0133118531893311,488.0,2026-06-08,0.004098360647339425,MEDIUM,147.20399355595683,egauge90773,i11,Production Anomaly
165,2026-06-08T01:38:10.000Z,2026-06-08T01:38:10.000Z,1,0.0163457176763927,0.0,2026-06-08,1000000.0,MEDIUM,0.40490371530291785,egauge90773,i11,Production Anomaly
166,2026-06-08T02:01:42.000Z,2026-06-08T02:01:42.000Z,1,-0.0078010655183182,0.0,2026-06-08,1000000.0,MEDIUM,0.4023403196554955,egauge90773,i11,Production Anomaly
167,2026-06-08T02:41:29.000Z,2026-06-08T02:41:31.000Z,2,-0.0804475934791598,2.0,2026-06-08,0.99999950000025,MEDIUM,1.4241342780437478,egauge90773,i11,Production Anomaly
168,2026-06-08T03:19:17.000Z,2026-06-08T03:22:28.000Z,3,-0.0268767679957271,191.0,2026-06-08,0.015706806200487925,MEDIUM,58.508063030398716,egauge90773,i11,Production Anomaly
169,2026-06-08T03:35:04.000Z,2026-06-08T03:40:47.000Z,3,-0.0479454291241943,343.0,2026-06-08,0.008746355659631616,MEDIUM,104.11438362873726,egauge90773,i11,Production Anomaly
170,2026-06-08T04:15:24.000Z,2026-06-08T05:00:26.000Z,10,-0.0745804390778303,2702.0,2026-06-08,0.0037009622488153363,MEDIUM,814.6223741317234,egauge90773,i11,Production Anomaly
171,2026-06-08T05:15:11.000Z,2026-06-08T05:15:12.000Z,2,0.0141727644018306,1.0,2026-06-08,1.9999980000020001,MEDIUM,1.1042518293205492,egauge90773,i11,Production Anomaly
172,2026-06-08T06:01:13.000Z,2026-06-08T06:02:24.000Z,4,-0.0551580449218463,71.0,2026-06-08,0.056338027375520745,MEDIUM,22.916547413476557,egauge90773,i11,Production Anomaly
173,2026-06-08T06:14:24.000Z,2026-06-08T07:13:35.000Z,338,-0.2729535681567636,3551.0,2026-06-08,0.09518445505627023,HIGH,1200.5818860704471,egauge90773,i11,Production Anomaly
174,2026-06-08T07:34:25.000Z,2026-06-08T08:08:02.000Z,11,-0.0781733559866374,2017.0,2026-06-08,0.005453644023077023,MEDIUM,609.523452006796,egauge90773,i11,Production Anomaly
175,2026-06-08T08:28:18.000Z,2026-06-08T08:29:16.000Z,2,0.0064260117396691,58.0,2026-06-08,0.03448275802615935,LOW,18.2019278035219,egauge90773,i11,Production Anomaly
176,2026-06-08T08:41:27.000Z,2026-06-08T08:51:41.000Z,3,-0.0094833922051111,614.0,2026-06-08,0.004885993477384376,MEDIUM,185.40284501766152,egauge90773,i11,Production Anomaly
177,2026-06-08T09:04:51.000Z,2026-06-08T09:04:51.000Z,1,-0.0161057609890334,0.0,2026-06-08,1000000.0,MEDIUM,0.40483172829671005,egauge90773,i11,Production Anomaly
178,2026-06-08T09:18:26.000Z,2026-06-08T09:23:20.000Z,2,0.0012802004155277,294.0,2026-06-08,0.006802721065296867,MEDIUM,89.00038406012466,egauge90773,i11,Production Anomaly
179,2026-06-08T09:40:57.000Z,2026-06-08T09:53:13.000Z,5,-0.0076261368942015,736.0,2026-06-08,0.006793478251639296,MEDIUM,222.80228784106825,egauge90773,i11,Production Anomaly
180,2026-06-08T10:08:46.000Z,2026-06-08T10:20:10.000Z,5,-0.0413172229465725,684.0,2026-06-08,0.007309941509780787,MEDIUM,207.21239516688397,egauge90773,i11,Production Anomaly
181,2026-06-08T10:38:38.000Z,2026-06-08T10:44:32.000Z,5,-0.020489213909437,354.0,2026-06-08,0.0141242937454116,MEDIUM,108.20614676417283,egauge90773,i11,Production Anomaly
182,2026-06-08T11:00:05.000Z,2026-06-08T11:25:14.000Z,5,-0.0078170469746944,1509.0,2026-06-08,0.003313452615431774,MEDIUM,454.7023451140924,egauge90773,i11,Production Anomaly
183,2026-06-08T11:46:40.000Z,2026-06-08T11:49:37.000Z,5,-0.0433547143975239,177.0,2026-06-08,0.02824858741102493,MEDIUM,55.11300641431926,egauge90773,i11,Production Anomaly
184,2026-06-08T12:08:06.000Z,2026-06-08T12:15:58.000Z,4,-0.0403873490847955,472.0,2026-06-08,0.00847457625323183,MEDIUM,143.21211620472542,egauge90773,i11,Production Anomaly
185,2026-06-08T12:29:34.000Z,2026-06-08T12:34:15.000Z,6,-0.0434518230644134,281.0,2026-06-08,0.021352313091272907,MEDIUM,86.71303554691933,egauge90773,i11,Production Anomaly
186,2026-06-08T12:57:39.000Z,2026-06-08T13:13:35.000Z,3,-0.0099235517321613,956.0,2026-06-08,0.003138075310525026,MEDIUM,288.00297706551964,egauge90773,i11,Production Anomaly
187,2026-06-08T13:32:16.000Z,2026-06-08T13:32:18.000Z,3,-0.0709957544308991,2.0,2026-06-08,1.499999250000375,MEDIUM,1.82129872632927,egauge90773,i11,Production Anomaly
188,2026-06-08T13:47:01.000Z,2026-06-08T14:25:21.000Z,12,-0.0277894610361446,2300.0,2026-06-08,0.005217391302079395,MEDIUM,694.8083368383108,egauge90773,i11,Production Anomaly
189,2026-06-17T02:58:42.000Z,2026-06-17T04:35:40.000Z,442,-0.3452810029525632,5818.0,2026-06-17,0.0759711240845701,HIGH,1922.3035843008856,egauge90773,i11,Production Anomaly
190,2026-06-17T04:49:44.000Z,2026-06-17T05:17:41.000Z,14,-0.0520630401476381,1677.0,2026-06-17,0.00834824090140236,MEDIUM,508.7156189120443,egauge90773,i11,Production Anomaly
191,2026-06-17T05:43:14.000Z,2026-06-17T05:43:14.000Z,1,-0.0118119343579559,0.0,2026-06-17,1000000.0,MEDIUM,0.4035435803073868,egauge90773,i11,Production Anomaly
192,2026-06-17T05:56:00.000Z,2026-06-17T05:56:00.000Z,1,0.0101713856958642,0.0,2026-06-17,1000000.0,MEDIUM,0.4030514157087593,egauge90773,i11,Production Anomaly
193,2026-06-17T06:11:57.000Z,2026-06-17T06:18:03.000Z,4,-0.007058635479859,366.0,2026-06-17,0.010928961718773328,MEDIUM,111.40211759064395,egauge90773,i11,Production Anomaly
194,2026-06-17T07:12:19.000Z,2026-06-17T07:12:19.000Z,1,0.0151956717286553,0.0,2026-06-17,1000000.0,MEDIUM,0.40455870151859663,egauge90773,i11,Production Anomaly
195,2026-06-17T08:04:49.000Z,2026-06-17T08:10:31.000Z,3,-0.0216552411564653,342.0,2026-06-17,0.008771929798912486,MEDIUM,103.80649657234693,egauge90773,i11,Production Anomaly
196,2026-06-17T08:49:51.000Z,2026-06-17T08:49:51.000Z,1,0.007552849419996,0.0,2026-06-17,1000000.0,MEDIUM,0.4022658548259988,egauge90773,i11,Production Anomaly
197,2026-06-17T09:40:35.000Z,2026-06-17T09:40:46.000Z,2,0.0043617056718584,11.0,2026-06-17,0.1818181652892577,MEDIUM,4.101308511701557,egauge90773,i11,Production Anomaly
198,2026-06-17T09:59:38.000Z,2026-06-17T09:59:38.000Z,1,0.0189758463625024,0.0,2026-06-17,1000000.0,MEDIUM,0.40569275390875076,egauge90773,i11,Production Anomaly
199,2026-06-17T10:26:57.000Z,2026-06-17T10:35:26.000Z,3,-0.0694657004381145,509.0,2026-06-17,0.005893909615139667,MEDIUM,153.92083971013142,egauge90773,i11,Production Anomaly
200,2026-06-17T11:07:50.000Z,2026-06-17T11:07:50.000Z,1,0.0185588424341618,0.0,2026-06-17,1000000.0,MEDIUM,0.4055676527302486,egauge90773,i11,Production Anomaly
201,2026-06-17T11:33:59.000Z,2026-06-17T11:33:59.000Z,1,9.24320090766817E-4,0.0,2026-06-17,1000000.0,MEDIUM,0.40027729602723006,egauge90773,i11,Production Anomaly
202,2026-06-17T12:38:29.000Z,2026-06-17T12:38:29.000Z,1,0.0195971325238581,0.0,2026-06-17,1000000.0,MEDIUM,0.40587913975715745,egauge90773,i11,Production Anomaly
203,2026-06-17T12:54:02.000Z,2026-06-17T12:59:55.000Z,2,0.0056734578370222,353.0,2026-06-17,0.005665722363553194,MEDIUM,106.7017020373511,egauge90773,i11,Production Anomaly
204,2026-06-17T13:19:35.000Z,2026-06-17T13:19:38.000Z,3,-0.0915272909240408,3.0,2026-06-17,0.9999996666667778,MEDIUM,2.1274581872772123,egauge90773,i11,Production Anomaly
205,2026-06-17T14:18:57.000Z,2026-06-17T14:18:57.000Z,1,-0.0011580900472186,0.0,2026-06-17,1000000.0,MEDIUM,0.4003474270141656,egauge90773,i11,Production Anomaly
206,2026-06-17T14:36:39.000Z,2026-06-17T14:36:59.000Z,3,-0.0985742177803796,20.0,2026-06-17,0.14999999250000037,MEDIUM,7.229572265334114,egauge90773,i11,Production Anomaly
207,2026-06-18T02:51:30.000Z,2026-06-18T03:33:08.000Z,749,-0.3376418296967874,2498.0,2026-06-18,0.29983987177748606,HIGH,1049.101292548909,egauge90773,i11,Production Anomaly
208,2026-06-18T03:46:04.000Z,2026-06-18T04:48:24.000Z,35,-0.0718085631777022,3740.0,2026-06-18,0.00935828876755126,MEDIUM,1136.0215425689532,egauge90773,i11,Production Anomaly
209,2026-06-18T05:02:56.000Z,2026-06-18T05:23:58.000Z,10,-0.0355689494985665,1262.0,2026-06-18,0.007923930263134761,MEDIUM,382.61067068484954,egauge90773,i11,Production Anomaly
210,2026-06-18T05:51:42.000Z,2026-06-18T06:51:29.000Z,22,-0.1600941482237023,3587.0,2026-06-18,0.006133258989090254,MEDIUM,1084.948028244467,egauge90773,i11,Production Anomaly
211,2026-06-18T07:03:17.000Z,2026-06-18T07:29:38.000Z,13,-0.0942138836136864,1581.0,2026-06-18,0.00822264389106727,MEDIUM,479.52826416508407,egauge90773,i11,Production Anomaly
212,2026-06-18T07:55:46.000Z,2026-06-18T08:03:26.000Z,2,-0.0017764617278821,460.0,2026-06-18,0.004347826077504726,MEDIUM,138.8005329385184,egauge90773,i11,Production Anomaly
213,2026-06-18T08:16:13.000Z,2026-06-18T08:31:09.000Z,8,-0.0132176020332355,896.0,2026-06-18,0.008928571418606505,MEDIUM,272.00396528061,egauge90773,i11,Production Anomaly
214,2026-06-18T08:50:39.000Z,2026-06-18T08:56:32.000Z,2,-0.020428562634833,353.0,2026-06-18,0.005665722363553194,MEDIUM,106.70612856879043,egauge90773,i11,Production Anomaly
215,2026-06-18T09:16:59.000Z,2026-06-18T09:16:59.000Z,1,2.243492218456656E-5,0.0,2026-06-18,1000000.0,MEDIUM,0.4000067304766554,egauge90773,i11,Production Anomaly
216,2026-06-18T09:36:29.000Z,2026-06-18T09:36:29.000Z,1,-0.0303055159041061,0.0,2026-06-18,1000000.0,MEDIUM,0.4090916547712318,egauge90773,i11,Production Anomaly
217,2026-06-18T10:07:07.000Z,2026-06-18T10:25:01.000Z,6,-0.0570989156664548,1074.0,2026-06-18,0.00558659217356928,MEDIUM,324.6171296746999,egauge90773,i11,Production Anomaly
218,2026-06-18T10:39:11.000Z,2026-06-18T10:51:11.000Z,3,-0.0541969209078539,720.0,2026-06-18,0.00416666666087963,MEDIUM,217.21625907627234,egauge90773,i11,Production Anomaly
219,2026-06-18T11:13:02.000Z,2026-06-18T11:19:31.000Z,5,-0.0275573057156451,389.0,2026-06-18,0.012853470403975654,MEDIUM,118.70826719171468,egauge90773,i11,Production Anomaly
220,2026-06-18T11:41:58.000Z,2026-06-18T11:41:58.000Z,1,0.0046757717960699,0.0,2026-06-18,1000000.0,MEDIUM,0.401402731538821,egauge90773,i11,Production Anomaly
221,2026-06-18T11:58:41.000Z,2026-06-18T12:04:35.000Z,3,-0.0216101559911913,354.0,2026-06-18,0.00847457624724696,MEDIUM,107.40648304679736,egauge90773,i11,Production Anomaly
222,2026-06-18T12:19:31.000Z,2026-06-18T12:19:32.000Z,2,-0.0372582928883683,1.0,2026-06-18,1.9999980000020001,MEDIUM,1.1111774878665106,egauge90773,i11,Production Anomaly
223,2026-06-18T12:33:31.000Z,2026-06-18T12:49:38.000Z,4,-0.056745297604949,967.0,2026-06-18,0.004136504649290068,MEDIUM,291.7170235892815,egauge90773,i11,Production Anomaly
224,2026-06-18T13:01:38.000Z,2026-06-18T13:15:48.000Z,11,-0.0567302271508148,850.0,2026-06-18,0.012941176455363322,MEDIUM,259.41701906814524,egauge90773,i11,Production Anomaly
225,2026-06-18T13:29:57.000Z,2026-06-18T13:59:16.000Z,10,-0.0380696875066713,1759.0,2026-06-18,0.005685048319678767,MEDIUM,531.711420906252,egauge90773,i11,Production Anomaly
226,2026-06-18T14:15:00.000Z,2026-06-18T14:45:33.000Z,16,-0.0812640034364344,1833.0,2026-06-18,0.008728859787927517,MEDIUM,556.3243792010309,egauge90773,i11,Production Anomaly
227,2026-06-20T02:53:15.000Z,2026-06-20T03:08:56.000Z,337,-0.3257609107723166,941.0,2026-06-20,0.3581296489286614,HIGH,417.1977282732317,egauge90773,i11,Production Anomaly
228,2026-06-20T03:30:17.000Z,2026-06-20T03:52:51.000Z,118,-0.2817751223283151,1354.0,2026-06-20,0.08714918752795481,HIGH,453.48453253669845,egauge90773,i11,Production Anomaly
229,2026-06-20T04:13:51.000Z,2026-06-20T04:22:19.000Z,9,-0.0898995283980013,508.0,2026-06-20,0.017716535398195798,MEDIUM,156.0269698585194,egauge90773,i11,Production Anomaly
230,2026-06-20T04:34:29.000Z,2026-06-20T05:21:15.000Z,24,-0.1284620610386572,2806.0,2026-06-20,0.008553100495882716,MEDIUM,851.4385386183116,egauge90773,i11,Production Anomaly
231,2026-06-20T05:42:29.000Z,2026-06-20T05:52:31.000Z,13,-0.0271176074268247,602.0,2026-06-20,0.021594684349510493,MEDIUM,185.80813528222802,egauge90773,i11,Production Anomaly
232,2026-06-20T06:33:22.000Z,2026-06-20T06:53:39.000Z,6,-0.0216720448166182,1217.0,2026-06-20,0.004930156117559444,MEDIUM,367.5065016134449,egauge90773,i11,Production Anomaly
233,2026-06-20T07:17:47.000Z,2026-06-20T07:17:59.000Z,3,6.201091519331681E-4,12.0,2026-06-20,0.2499999791666684,MEDIUM,4.80018603274558,egauge90773,i11,Production Anomaly
234,2026-06-20T07:53:45.000Z,2026-06-20T08:04:57.000Z,4,-4.349720467410334E-4,672.0,2026-06-20,0.005952380943523242,MEDIUM,203.200130491614,egauge90773,i11,Production Anomaly
235,2026-06-20T08:26:11.000Z,2026-06-20T08:44:52.000Z,8,-0.0685231504358563,1121.0,2026-06-20,0.00713648527463293,MEDIUM,339.52055694513075,egauge90773,i11,Production Anomaly
236,2026-06-20T08:57:49.000Z,2026-06-20T09:11:47.000Z,4,-0.0169000847434266,838.0,2026-06-20,0.004773269684041444,MEDIUM,253.005070025423,egauge90773,i11,Production Anomaly
237,2026-06-20T09:37:44.000Z,2026-06-20T09:42:27.000Z,5,-0.0653029435017947,283.0,2026-06-20,0.01766784446053765,MEDIUM,86.91959088305053,egauge90773,i11,Production Anomaly
238,2026-06-20T10:04:29.000Z,2026-06-20T10:11:27.000Z,6,-0.0909777513301867,418.0,2026-06-20,0.01435406695130606,MEDIUM,127.82729332539905,egauge90773,i11,Production Anomaly
239,2026-06-20T10:26:05.000Z,2026-06-20T10:56:46.000Z,20,-0.1046531837707139,1841.0,2026-06-20,0.010863661047874165,MEDIUM,560.3313959551311,egauge90773,i11,Production Anomaly
240,2026-06-20T11:23:06.000Z,2026-06-20T12:14:22.000Z,21,-0.0607535676819961,3076.0,2026-06-20,0.006827048112214874,MEDIUM,931.2182260703046,egauge90773,i11,Production Anomaly
241,2026-06-20T12:27:08.000Z,2026-06-20T12:27:08.000Z,1,-0.0172413769843653,0.0,2026-06-20,1000000.0,MEDIUM,0.4051724130953096,egauge90773,i11,Production Anomaly
242,2026-06-20T12:56:38.000Z,2026-06-20T12:59:17.000Z,11,-0.0537537819263487,159.0,2026-06-20,0.06918238950199755,MEDIUM,52.1161261345779,egauge90773,i11,Production Anomaly
243,2026-06-20T13:23:07.000Z,2026-06-20T13:23:07.000Z,1,-0.0110259160012219,0.0,2026-06-20,1000000.0,MEDIUM,0.4033077748003666,egauge90773,i11,Production Anomaly
244,2026-06-20T13:44:09.000Z,2026-06-20T14:17:22.000Z,10,-0.034910675039012,1993.0,2026-06-20,0.005017561462610356,MEDIUM,601.9104732025116,egauge90773,i11,Production Anomaly
245,2026-06-20T14:29:20.000Z,2026-06-20T15:32:13.000Z,30,-0.1341327243916088,3773.0,2026-06-20,0.007951232438920956,MEDIUM,1143.9402398173174,egauge90773,i11,Production Anomaly
246,2026-06-20T15:57:21.000Z,2026-06-20T15:57:21.000Z,1,-0.0204675885155222,0.0,2026-06-20,1000000.0,MEDIUM,0.4061402765546567,egauge90773,i11,Production Anomaly
247,2026-06-20T16:30:09.000Z,2026-06-20T16:43:03.000Z,8,-0.0299348957440556,774.0,2026-06-20,0.0103359172993076,MEDIUM,235.4089804687232,egauge90773,i11,Production Anomaly
248,2026-06-20T16:54:55.000Z,2026-06-20T17:48:23.000Z,20,-0.0969688811100732,3208.0,2026-06-20,0.006234413963143886,MEDIUM,970.429090664333,egauge90773,i11,Production Anomaly
249,2026-06-20T18:04:04.000Z,2026-06-20T18:19:58.000Z,8,-0.0670983684347205,954.0,2026-06-20,0.00838574422601075,MEDIUM,289.4201295105304,egauge90773,i11,Production Anomaly
250,2026-06-20T18:37:16.000Z,2026-06-20T18:37:16.000Z,1,0.0010439885802328,0.0,2026-06-20,1000000.0,MEDIUM,0.4003131965740699,egauge90773,i11,Production Anomaly
251,2026-06-20T19:03:37.000Z,2026-06-20T19:17:45.000Z,6,-0.032139667642374,848.0,2026-06-20,0.007075471689769491,MEDIUM,256.80964190029266,egauge90773,i11,Production Anomaly
252,2026-06-20T19:36:02.000Z,2026-06-20T19:56:53.000Z,8,-0.0586318853698487,1251.0,2026-06-20,0.006394884087614001,MEDIUM,378.51758956561093,egauge90773,i11,Production Anomaly
253,2026-06-20T20:12:01.000Z,2026-06-20T20:12:01.000Z,1,0.0171942865915116,0.0,2026-06-20,1000000.0,MEDIUM,0.4051582859774535,egauge90773,i11,Production Anomaly
254,2026-06-20T20:25:46.000Z,2026-06-20T20:32:16.000Z,3,-0.0123535445097049,390.0,2026-06-20,0.007692307672583826,MEDIUM,118.20370606335291,egauge90773,i11,Production Anomaly
255,2026-06-20T20:45:16.000Z,2026-06-20T20:59:13.000Z,6,-0.0044957337842721,837.0,2026-06-20,0.00716845877279754,MEDIUM,253.50134872013527,egauge90773,i11,Production Anomaly
256,2026-06-20T21:13:23.000Z,2026-06-20T21:13:23.000Z,1,0.0182881566098541,0.0,2026-06-20,1000000.0,MEDIUM,0.4054864469829563,egauge90773,i11,Production Anomaly
257,2026-06-20T21:31:16.000Z,2026-06-20T22:00:59.000Z,10,-0.0344813761944386,1783.0,2026-06-20,0.005608524954790507,MEDIUM,538.9103444128583,egauge90773,i11,Production Anomaly
258,2026-06-20T22:14:41.000Z,2026-06-20T22:26:44.000Z,9,-0.0370810091617235,723.0,2026-06-20,0.012448132762865653,MEDIUM,220.51112430274853,egauge90773,i11,Production Anomaly
259,2026-06-20T23:12:22.000Z,2026-06-20T23:19:39.000Z,5,-9.43899983425478E-5,437.0,2026-06-20,0.011441647571071745,MEDIUM,133.1000283169995,egauge90773,i11,Production Anomaly
260,2026-06-20T23:33:50.000Z,2026-06-20T23:37:31.000Z,4,-0.006312585583118,221.0,2026-06-20,0.018099547429413814,MEDIUM,67.90189377567492,egauge90773,i11,Production Anomaly
261,2026-06-20T23:54:04.000Z,2026-06-21T00:18:38.000Z,17,-0.1045603722946751,1474.0,2026-06-20,0.011533242868702005,MEDIUM,449.0313681116884,egauge90773,i11,Production Anomaly
262,2026-06-21T00:45:23.000Z,2026-06-21T00:56:01.000Z,5,-0.0237131941568973,638.0,2026-06-21,0.007836990583327602,MEDIUM,193.40711395824707,egauge90773,i11,Production Anomaly
263,2026-06-21T01:15:42.000Z,2026-06-21T02:10:35.000Z,20,-0.0597372166309241,3293.0,2026-06-21,0.006073489217712272,MEDIUM,995.9179211649893,egauge90773,i11,Production Anomaly
264,2026-06-21T02:35:26.000Z,2026-06-21T02:44:10.000Z,10,-0.1179658265147889,524.0,2026-06-21,0.019083969429229065,MEDIUM,161.23538974795443,egauge90773,i11,Production Anomaly
265,2026-06-21T04:16:49.000Z,2026-06-21T04:36:50.000Z,19,-0.1688219819472243,1201.0,2026-06-21,0.015820149861931598,MEDIUM,367.9506465945842,egauge90773,i11,Production Anomaly
266,2026-06-21T05:13:15.000Z,2026-06-21T05:21:10.000Z,4,-0.0131146332339905,475.0,2026-06-21,0.008421052613850415,MEDIUM,144.1039343899702,egauge90773,i11,Production Anomaly
267,2026-06-21T05:36:59.000Z,2026-06-21T05:55:57.000Z,6,-0.0128995629479073,1138.0,2026-06-21,0.0052724077282316276,MEDIUM,343.8038698688843,egauge90773,i11,Production Anomaly
268,2026-06-21T06:08:22.000Z,2026-06-21T06:08:22.000Z,1,0.014761893550292,0.0,2026-06-21,1000000.0,MEDIUM,0.40442856806508765,egauge90773,i11,Production Anomaly
269,2026-06-21T06:32:54.000Z,2026-06-21T07:08:29.000Z,9,-0.0428733460874488,2135.0,2026-06-21,0.004215456672498615,MEDIUM,644.1128620038263,egauge90773,i11,Production Anomaly
270,2026-06-21T07:33:33.000Z,2026-06-21T07:33:45.000Z,4,-0.0119444553597281,12.0,2026-06-21,0.3333333055555579,MEDIUM,5.203583336607918,egauge90773,i11,Production Anomaly
271,2026-06-21T08:00:27.000Z,2026-06-21T08:00:27.000Z,1,0.0160202828972194,0.0,2026-06-21,1000000.0,MEDIUM,0.40480608486916586,egauge90773,i11,Production Anomaly
272,2026-06-21T08:22:46.000Z,2026-06-21T08:23:33.000Z,2,-0.0286478452737409,47.0,2026-06-21,0.04255319058397467,LOW,14.908594353582123,egauge90773,i11,Production Anomaly
273,2026-06-21T08:50:15.000Z,2026-06-21T08:50:15.000Z,1,0.018481129401617,0.0,2026-06-21,1000000.0,MEDIUM,0.40554433882048513,egauge90773,i11,Production Anomaly
274,2026-06-21T09:13:54.000Z,2026-06-21T09:39:06.000Z,8,-0.0415682548517901,1512.0,2026-06-21,0.005291005287505948,MEDIUM,456.8124704764555,egauge90773,i11,Production Anomaly
275,2026-06-21T10:01:27.000Z,2026-06-21T10:01:27.000Z,1,0.0093353706437711,0.0,2026-06-21,1000000.0,MEDIUM,0.4028006111931314,egauge90773,i11,Production Anomaly
276,2026-06-21T10:13:32.000Z,2026-06-21T10:13:32.000Z,1,0.0078422653139804,0.0,2026-06-21,1000000.0,MEDIUM,0.40235267959419413,egauge90773,i11,Production Anomaly
277,2026-06-21T10:27:49.000Z,2026-06-21T10:38:56.000Z,5,-0.0692934337496742,667.0,2026-06-21,0.00749625186282421,MEDIUM,202.12078803012488,egauge90773,i11,Production Anomaly
278,2026-06-21T11:09:34.000Z,2026-06-21T11:17:40.000Z,5,-0.0590660601031514,486.0,2026-06-21,0.010288065822452539,MEDIUM,147.81771981803092,egauge90773,i11,Production Anomaly
279,2026-06-21T11:33:55.000Z,2026-06-21T11:33:55.000Z,1,7.56443523469541E-4,0.0,2026-06-21,1000000.0,MEDIUM,0.4002269330570409,egauge90773,i11,Production Anomaly
280,2026-06-21T12:07:32.000Z,2026-06-21T12:10:31.000Z,3,-0.0267785332543742,179.0,2026-06-21,0.016759776442682815,MEDIUM,54.90803355997631,egauge90773,i11,Production Anomaly
281,2026-06-21T12:36:25.000Z,2026-06-21T12:36:25.000Z,1,0.0095916004228917,0.0,2026-06-21,1000000.0,MEDIUM,0.4028774801268675,egauge90773,i11,Production Anomaly
282,2026-06-21T12:54:25.000Z,2026-06-21T12:54:26.000Z,2,-0.023199220464522,1.0,2026-06-21,1.9999980000020001,MEDIUM,1.1069597661393566,egauge90773,i11,Production Anomaly
283,2026-06-21T13:09:52.000Z,2026-06-21T13:10:06.000Z,5,-0.0287100261790506,14.0,2026-06-21,0.3571428316326549,MEDIUM,6.208613007853716,egauge90773,i11,Production Anomaly
284,2026-06-21T13:37:08.000Z,2026-06-21T13:54:21.000Z,5,-0.0406121730528803,1033.0,2026-06-21,0.004840271050493445,MEDIUM,311.9121836519158,egauge90773,i11,Production Anomaly
285,2026-06-21T14:06:10.000Z,2026-06-21T14:32:36.000Z,12,-0.0702189357381406,1586.0,2026-06-21,0.0075662042827451415,MEDIUM,480.6210656807214,egauge90773,i11,Production Anomaly
286,2026-06-21T14:45:55.000Z,2026-06-21T14:52:50.000Z,7,-0.0054162998044634,415.0,2026-06-21,0.016867469838873567,MEDIUM,127.30162488994134,egauge90773,i11,Production Anomaly
287,2026-06-21T15:08:26.000Z,2026-06-21T15:27:37.000Z,4,0.0016288610934528,1151.0,2026-06-21,0.0034752389196566124,MEDIUM,346.9004886583281,egauge90773,i11,Production Anomaly
288,2026-06-21T15:58:37.000Z,2026-06-21T15:58:37.000Z,1,0.0183236356189006,0.0,2026-06-21,1000000.0,MEDIUM,0.4054970906856702,egauge90773,i11,Production Anomaly
289,2026-06-21T16:15:36.000Z,2026-06-21T16:26:40.000Z,5,-0.0785139668905003,664.0,2026-06-21,0.007530120470587168,MEDIUM,201.22355419006715,egauge90773,i11,Production Anomaly
290,2026-06-21T16:49:35.000Z,2026-06-21T17:28:19.000Z,14,-0.0562387830560388,2324.0,2026-06-21,0.0060240963829500446,MEDIUM,702.8168716349168,egauge90773,i11,Production Anomaly
291,2026-06-21T18:01:18.000Z,2026-06-21T18:11:23.000Z,5,-0.0519227334437443,605.0,2026-06-21,0.008264462796257087,MEDIUM,183.51557682003312,egauge90773,i11,Production Anomaly
292,2026-06-21T18:29:46.000Z,2026-06-21T18:37:54.000Z,3,-0.0405700914525133,488.0,2026-06-21,0.006147540971009138,MEDIUM,147.61217102743575,egauge90773,i11,Production Anomaly
293,2026-06-21T18:58:14.000Z,2026-06-21T19:01:12.000Z,2,-0.0339753560411171,178.0,2026-06-21,0.011235954993056433,MEDIUM,54.21019260681233,egauge90773,i11,Production Anomaly
294,2026-06-21T19:24:08.000Z,2026-06-21T19:24:21.000Z,4,-0.0541782479229823,13.0,2026-06-21,0.3076922840236705,MEDIUM,5.516253474376895,egauge90773,i11,Production Anomaly
295,2026-06-21T19:58:45.000Z,2026-06-21T20:08:51.000Z,2,0.0166633947692413,606.0,2026-06-21,0.003300330027557211,MEDIUM,182.60499901843076,egauge90773,i11,Production Anomaly
296,2026-06-21T20:20:31.000Z,2026-06-21T20:20:31.000Z,1,-0.0449834273405441,0.0,2026-06-21,1000000.0,MEDIUM,0.4134950282021633,egauge90773,i11,Production Anomaly
297,2026-06-21T20:32:47.000Z,2026-06-21T21:11:22.000Z,11,-0.0127805264715004,2315.0,2026-06-21,0.004751619868357832,MEDIUM,698.9038341579414,egauge90773,i11,Production Anomaly
298,2026-06-21T21:25:38.000Z,2026-06-21T21:25:38.000Z,1,0.0122990593819682,0.0,2026-06-21,1000000.0,MEDIUM,0.4036897178145905,egauge90773,i11,Production Anomaly
299,2026-06-21T21:57:41.000Z,2026-06-21T22:04:25.000Z,3,0.0067838710486286,404.0,2026-06-21,0.007425742555876875,MEDIUM,122.40203516131459,egauge90773,i11,Production Anomaly
300,2026-06-21T22:41:50.000Z,2026-06-21T22:42:49.000Z,3,0.0030138958652053,59.0,2026-06-21,0.050847456765297346,MEDIUM,18.90090416875956,egauge90773,i11,Production Anomaly
301,2026-06-21T22:59:10.000Z,2026-06-21T22:59:13.000Z,4,0.0016738315807884,3.0,2026-06-21,1.333332888889037,MEDIUM,2.5005021494742365,egauge90773,i11,Production Anomaly
302,2026-06-21T23:12:20.000Z,2026-06-21T23:12:20.000Z,1,-0.0115581344206644,0.0,2026-06-21,1000000.0,MEDIUM,0.40346744032619936,egauge90773,i11,Production Anomaly
303,2026-06-21T23:25:48.000Z,2026-06-21T23:51:45.000Z,16,-0.0984654441977749,1557.0,2026-06-21,0.010276172119283125,MEDIUM,473.5295396332593,egauge90773,i11,Production Anomaly
304,2026-06-22T00:28:12.000Z,2026-06-22T00:35:20.000Z,3,-0.0122988791719282,428.0,2026-06-22,0.007009345778015547,MEDIUM,129.60368966375157,egauge90773,i11,Production Anomaly
305,2026-06-22T01:15:21.000Z,2026-06-22T01:22:30.000Z,3,-0.014789764410399,429.0,2026-06-22,0.006993006976706278,MEDIUM,129.90443692932308,egauge90773,i11,Production Anomaly
306,2026-06-22T02:15:46.000Z,2026-06-22T02:29:51.000Z,7,-0.1585778944304724,845.0,2026-06-22,0.008284023658835475,MEDIUM,256.34757336832917,egauge90773,i11,Production Anomaly
307,2026-06-22T02:51:49.000Z,2026-06-22T04:16:11.000Z,36,-0.1048300247652213,5062.0,2026-06-22,0.007111813511040732,MEDIUM,1533.0314490074295,egauge90773,i11,Production Anomaly
308,2026-06-22T04:29:03.000Z,2026-06-22T05:37:36.000Z,16,-0.0773159259572496,4113.0,2026-06-22,0.0038901045456138815,MEDIUM,1240.3231947777872,egauge90773,i11,Production Anomaly
309,2026-06-22T05:54:25.000Z,2026-06-22T06:03:55.000Z,5,-0.0289797483694016,570.0,2026-06-22,0.008771929809172054,MEDIUM,173.00869392451082,egauge90773,i11,Production Anomaly
310,2026-06-22T06:18:46.000Z,2026-06-22T06:18:48.000Z,2,0.0047117242931556,2.0,2026-06-22,0.99999950000025,MEDIUM,1.4014135172879465,egauge90773,i11,Production Anomaly
311,2026-06-22T06:40:46.000Z,2026-06-22T07:12:52.000Z,14,-0.1228272655393569,1926.0,2026-06-22,0.00726895119041072,MEDIUM,583.4368481796618,egauge90773,i11,Production Anomaly
312,2026-06-22T07:33:40.000Z,2026-06-22T07:43:13.000Z,2,-0.0876762066624736,573.0,2026-06-22,0.0034904013900691074,MEDIUM,172.72630286199876,egauge90773,i11,Production Anomaly
313,2026-06-22T08:01:01.000Z,2026-06-22T08:13:43.000Z,12,-0.1647458395304636,762.0,2026-06-22,0.015748031475396284,MEDIUM,233.44942375185914,egauge90773,i11,Production Anomaly
314,2026-06-22T08:28:24.000Z,2026-06-22T08:52:56.000Z,6,-0.1495861273378267,1472.0,2026-06-22,0.004076086953752658,MEDIUM,444.0448758382013,egauge90773,i11,Production Anomaly
315,2026-06-22T09:16:08.000Z,2026-06-22T09:16:52.000Z,2,-0.0215707088316093,44.0,2026-06-22,0.04545454442148763,LOW,14.006471212649483,egauge90773,i11,Production Anomaly
316,2026-06-22T09:29:34.000Z,2026-06-22T09:41:18.000Z,4,-0.020515711734061,704.0,2026-06-22,0.005681818173747417,MEDIUM,212.80615471352021,egauge90773,i11,Production Anomaly
317,2026-06-22T09:58:54.000Z,2026-06-22T09:58:54.000Z,1,-0.0572770354129363,0.0,2026-06-22,1000000.0,MEDIUM,0.4171831106238809,egauge90773,i11,Production Anomaly
318,2026-06-22T10:17:16.000Z,2026-06-22T10:17:16.000Z,1,0.00902629928292,0.0,2026-06-22,1000000.0,MEDIUM,0.40270788978487604,egauge90773,i11,Production Anomaly
319,2026-06-22T10:33:58.000Z,2026-06-22T10:44:30.000Z,144,-0.2716131936613214,632.0,2026-06-22,0.22784810090530364,HIGH,247.2814839580984,egauge90773,i11,Production Anomaly
320,2026-06-22T10:59:23.000Z,2026-06-22T11:23:19.000Z,5,-0.0500805490010197,1436.0,2026-06-22,0.0034818941479931097,MEDIUM,432.81502416470033,egauge90773,i11,Production Anomaly
321,2026-06-22T11:38:35.000Z,2026-06-22T12:43:39.000Z,26,-0.0346807079718268,3904.0,2026-06-22,0.00665983606386787,MEDIUM,1181.6104042123916,egauge90773,i11,Production Anomaly
322,2026-06-22T13:00:54.000Z,2026-06-22T13:41:17.000Z,23,-0.1037826783668413,2423.0,2026-06-22,0.009492364833061344,MEDIUM,736.1311348035101,egauge90773,i11,Production Anomaly
323,2026-06-22T13:57:08.000Z,2026-06-22T14:04:00.000Z,3,0.0060032749831011,412.0,2026-06-22,0.007281553380384579,MEDIUM,124.80180098249492,egauge90773,i11,Production Anomaly
324,2026-06-22T14:30:27.000Z,2026-06-22T14:34:37.000Z,3,-0.0195513380289019,250.0,2026-06-22,0.011999999952,MEDIUM,76.20586540140867,egauge90773,i11,Production Anomaly
325,2026-06-22T14:49:27.000Z,2026-06-22T15:01:13.000Z,5,0.0016125450394618,706.0,2026-06-22,0.007082152964472871,MEDIUM,213.80048376351183,egauge90773,i11,Production Anomaly
326,2026-06-22T15:23:20.000Z,2026-06-22T16:02:55.000Z,7,0.0111579292203558,2375.0,2026-06-22,0.0029473684198116344,MEDIUM,715.303347378766,egauge90773,i11,Production Anomaly
327,2026-06-22T16:19:56.000Z,2026-06-22T16:20:31.000Z,4,0.0069559401847451,35.0,2026-06-22,0.11428571102040827,MEDIUM,12.102086782055423,egauge90773,i11,Production Anomaly
328,2026-06-22T16:35:01.000Z,2026-06-22T16:36:45.000Z,2,0.0092469560306369,104.0,2026-06-22,0.01923076904585799,LOW,32.00277408680919,egauge90773,i11,Production Anomaly
329,2026-06-22T16:49:42.000Z,2026-06-22T17:04:00.000Z,8,-0.0779962870694704,858.0,2026-06-22,0.00932400931314218,MEDIUM,260.6233988861208,egauge90773,i11,Production Anomaly
330,2026-06-22T17:30:17.000Z,2026-06-22T17:51:38.000Z,4,-0.0053458367644174,1281.0,2026-06-22,0.003122560497172084,MEDIUM,385.90160375102937,egauge90773,i11,Production Anomaly
331,2026-06-22T18:05:54.000Z,2026-06-22T18:19:50.000Z,9,-0.0839771113020986,836.0,2026-06-22,0.010765550226356998,MEDIUM,254.4251931333906,egauge90773,i11,Production Anomaly
