date,alert_id,alert_start,alert_end,duration,egauge,register,alert_type
2026-06-25,0,2026-06-25 03:27:22+00:00,2026-06-25 03:42:04+00:00,882.0,egauge90773,i11,Non Efficient
2026-06-27,1,2026-06-27 02:58:43+00:00,2026-06-27 03:13:25+00:00,882.0,egauge90773,i11,Non Efficient
2026-06-27,2,2026-06-27 03:23:38+00:00,2026-06-27 03:40:33+00:00,1015.0,egauge90773,i11,Non Efficient
2026-06-27,3,2026-06-27 04:23:20+00:00,2026-06-27 10:59:57+00:00,23797.0,egauge90773,i11,Non Efficient
2026-06-28,4,2026-06-28 05:56:14+00:00,2026-06-28 06:18:03+00:00,1309.0,egauge90773,i11,Non Efficient
2026-06-28,5,2026-06-28 07:41:41+00:00,2026-06-28 10:02:55+00:00,8474.0,egauge90773,i11,Non Efficient
2026-07-04,6,2026-07-04 03:02:34+00:00,2026-07-04 03:23:50+00:00,1276.0,egauge90773,i11,Non Efficient
2026-07-04,0,2026-07-04 03:03:29+00:00,2026-07-04 03:22:59+00:00,1170.0,egauge90773,i21,Non Efficient
2026-07-11,1,2026-07-11 04:35:53+00:00,2026-07-11 04:56:13+00:00,1220.0,egauge90773,i21,Non Efficient
2026-06-27,0,2026-06-27 20:15:15+00:00,2026-06-27 20:24:30+00:00,555.0,egauge90773,i41,Non Efficient
2026-06-30,1,2026-06-30 10:04:44+00:00,2026-06-30 10:27:34+00:00,1370.0,egauge90773,i41,Non Efficient
2026-06-30,2,2026-06-30 20:09:05+00:00,2026-06-30 20:17:46+00:00,521.0,egauge90773,i41,Non Efficient
2026-06-30,3,2026-06-30 20:19:33+00:00,2026-06-30 20:28:48+00:00,555.0,egauge90773,i41,Non Efficient
2026-07-04,4,2026-07-04 16:23:52+00:00,2026-07-04 16:33:06+00:00,554.0,egauge90773,i41,Non Efficient
2026-07-04,5,2026-07-04 21:27:29+00:00,2026-07-04 21:36:45+00:00,556.0,egauge90773,i41,Non Efficient
2026-07-04,6,2026-07-04 23:57:35+00:00,2026-07-05 00:06:50+00:00,555.0,egauge90773,i41,Non Efficient
2026-07-05,7,2026-07-05 14:43:39+00:00,2026-07-05 14:50:47+00:00,428.0,egauge90773,i41,Non Efficient
2026-07-05,8,2026-07-05 21:48:25+00:00,2026-07-05 21:57:41+00:00,556.0,egauge90773,i41,Non Efficient
2026-07-06,9,2026-07-06 18:29:06+00:00,2026-07-06 18:38:21+00:00,555.0,egauge90773,i41,Non Efficient
2026-07-07,10,2026-07-07 16:52:28+00:00,2026-07-07 17:01:43+00:00,555.0,egauge90773,i41,Non Efficient
2026-07-08,11,2026-07-08 07:57:59+00:00,2026-07-08 08:07:14+00:00,555.0,egauge90773,i41,Non Efficient
2026-07-08,12,2026-07-08 10:41:53+00:00,2026-07-08 10:51:08+00:00,555.0,egauge90773,i41,Non Efficient
2026-07-08,13,2026-07-08 15:26:40+00:00,2026-07-08 15:35:55+00:00,555.0,egauge90773,i41,Non Efficient
2026-07-08,14,2026-07-08 21:00:07+00:00,2026-07-08 21:09:22+00:00,555.0,egauge90773,i41,Non Efficient
2026-07-11,15,2026-07-11 16:32:58+00:00,2026-07-11 16:42:14+00:00,556.0,egauge90773,i41,Non Efficient
2026-07-11,16,2026-07-11 19:34:02+00:00,2026-07-11 19:43:17+00:00,555.0,egauge90773,i41,Non Efficient
2026-06-28,0,2026-06-28 09:15:00+00:00,2026-06-28 09:20:00+00:00,300.0,egauge90773,i51,Non Efficient
2026-07-06,1,2026-07-06 17:58:49+00:00,2026-07-06 18:04:00+00:00,311.0,egauge90773,i51,Non Efficient
2026-07-06,2,2026-07-06 23:39:46+00:00,2026-07-06 23:45:39+00:00,353.0,egauge90773,i51,Non Efficient
2026-07-07,3,2026-07-07 05:24:00+00:00,2026-07-07 05:29:00+00:00,300.0,egauge90773,i51,Non Efficient
2026-07-07,4,2026-07-07 15:25:09+00:00,2026-07-07 15:31:00+00:00,351.0,egauge90773,i51,Non Efficient
2026-07-08,5,2026-07-08 03:25:16+00:00,2026-07-08 03:30:49+00:00,333.0,egauge90773,i51,Non Efficient
2026-07-08,6,2026-07-08 09:26:00+00:00,2026-07-08 09:31:00+00:00,300.0,egauge90773,i51,Non Efficient
2026-06-26,0,2026-06-26 03:37:48+00:00,2026-06-26 04:05:37+00:00,1669.0,egauge113526,i21,Non Efficient
2026-07-03,1,2026-07-03 03:21:31+00:00,2026-07-03 03:54:50+00:00,1999.0,egauge113526,i21,Non Efficient
2026-07-10,2,2026-07-10 03:09:05+00:00,2026-07-10 03:59:00+00:00,2995.0,egauge113526,i21,Non Efficient
2026-06-26,0,2026-06-26 03:39:09+00:00,2026-06-26 04:06:24+00:00,1635.0,egauge113526,i31,Non Efficient
2026-07-03,1,2026-07-03 03:26:29+00:00,2026-07-03 03:54:50+00:00,1701.0,egauge113526,i31,Non Efficient
2026-07-10,2,2026-07-10 03:22:08+00:00,2026-07-10 03:55:36+00:00,2008.0,egauge113526,i31,Non Efficient
2026-07-02,0,2026-07-02 11:17:19+00:00,2026-07-02 11:22:53+00:00,334.0,egauge113530,i21,Non Efficient
2026-06-26,0,2026-06-26 02:13:32+00:00,2026-06-26 02:56:49+00:00,2597.0,egauge113530,i31,Non Efficient
2026-06-26,1,2026-06-26 21:35:24+00:00,2026-06-26 21:42:08+00:00,404.0,egauge113530,i31,Non Efficient
2026-06-26,2,2026-06-26 23:18:40+00:00,2026-06-26 23:27:09+00:00,509.0,egauge113530,i31,Non Efficient
2026-06-27,3,2026-06-27 02:59:49+00:00,2026-07-03 03:18:04+00:00,519495.0,egauge113530,i31,Non Efficient
2026-07-03,4,2026-07-03 03:23:58+00:00,2026-07-03 03:29:06+00:00,308.0,egauge113530,i31,Non Efficient
2026-07-03,5,2026-07-03 03:58:26+00:00,2026-07-03 04:20:17+00:00,1311.0,egauge113530,i31,Non Efficient
2026-07-03,6,2026-07-03 04:20:43+00:00,2026-07-03 04:38:17+00:00,1054.0,egauge113530,i31,Non Efficient
2026-07-03,7,2026-07-03 06:12:15+00:00,2026-07-03 06:47:42+00:00,2127.0,egauge113530,i31,Non Efficient
2026-07-03,8,2026-07-03 07:04:55+00:00,2026-07-03 07:10:23+00:00,328.0,egauge113530,i31,Non Efficient
2026-07-03,9,2026-07-03 08:38:32+00:00,2026-07-03 08:56:30+00:00,1078.0,egauge113530,i31,Non Efficient
2026-07-03,10,2026-07-03 08:56:32+00:00,2026-07-03 09:15:00+00:00,1108.0,egauge113530,i31,Non Efficient
2026-07-03,11,2026-07-03 10:19:22+00:00,2026-07-03 11:30:45+00:00,4283.0,egauge113530,i31,Non Efficient
2026-07-03,12,2026-07-03 11:58:09+00:00,2026-07-03 12:06:58+00:00,529.0,egauge113530,i31,Non Efficient
2026-07-03,13,2026-07-03 13:13:28+00:00,2026-07-03 13:25:24+00:00,716.0,egauge113530,i31,Non Efficient
2026-07-03,14,2026-07-03 14:00:40+00:00,2026-07-03 14:13:42+00:00,782.0,egauge113530,i31,Non Efficient
2026-07-03,15,2026-07-03 14:13:44+00:00,2026-07-03 14:38:14+00:00,1470.0,egauge113530,i31,Non Efficient
2026-07-03,16,2026-07-03 15:06:07+00:00,2026-07-03 15:12:31+00:00,384.0,egauge113530,i31,Non Efficient
2026-07-03,17,2026-07-03 15:12:33+00:00,2026-07-03 15:29:45+00:00,1032.0,egauge113530,i31,Non Efficient
2026-07-03,18,2026-07-03 16:53:08+00:00,2026-07-03 16:59:26+00:00,378.0,egauge113530,i31,Non Efficient
2026-07-03,19,2026-07-03 18:19:46+00:00,2026-07-03 18:35:09+00:00,923.0,egauge113530,i31,Non Efficient
2026-07-03,20,2026-07-03 18:46:21+00:00,2026-07-03 18:52:27+00:00,366.0,egauge113530,i31,Non Efficient
2026-07-03,21,2026-07-03 19:06:05+00:00,2026-07-03 19:24:02+00:00,1077.0,egauge113530,i31,Non Efficient
2026-07-03,22,2026-07-03 20:06:29+00:00,2026-07-03 20:14:02+00:00,453.0,egauge113530,i31,Non Efficient
2026-07-03,23,2026-07-03 20:18:35+00:00,2026-07-03 20:36:35+00:00,1080.0,egauge113530,i31,Non Efficient
2026-07-03,24,2026-07-03 20:38:18+00:00,2026-07-03 21:53:35+00:00,4517.0,egauge113530,i31,Non Efficient
2026-07-03,25,2026-07-03 22:06:41+00:00,2026-07-03 22:16:59+00:00,618.0,egauge113530,i31,Non Efficient
2026-07-03,26,2026-07-03 22:19:16+00:00,2026-07-03 23:17:09+00:00,3473.0,egauge113530,i31,Non Efficient
2026-07-04,27,2026-07-04 00:00:02+00:00,2026-07-04 00:12:45+00:00,763.0,egauge113530,i31,Non Efficient
2026-07-04,28,2026-07-04 01:35:25+00:00,2026-07-06 11:00:57+00:00,206732.0,egauge113530,i31,Non Efficient
2026-07-09,29,2026-07-09 22:19:09+00:00,2026-07-10 02:02:21+00:00,13392.0,egauge113530,i31,Non Efficient
2026-07-03,0,2026-07-03 02:10:44+00:00,2026-07-03 03:03:57+00:00,3193.0,egauge113530,i41,Non Efficient
2026-06-25,0,2026-06-25 20:04:54+00:00,2026-06-26 02:17:46+00:00,22372.0,egauge113530,i51,Non Efficient
2026-06-27,1,2026-06-27 04:04:24+00:00,2026-06-30 06:37:25+00:00,268381.0,egauge113530,i51,Non Efficient
2026-06-30,2,2026-06-30 06:37:27+00:00,2026-07-02 19:14:01+00:00,218194.0,egauge113530,i51,Non Efficient
2026-07-02,3,2026-07-02 19:19:09+00:00,2026-07-02 19:32:03+00:00,774.0,egauge113530,i51,Non Efficient
2026-07-02,4,2026-07-02 19:34:02+00:00,2026-07-02 19:39:16+00:00,314.0,egauge113530,i51,Non Efficient
2026-07-02,5,2026-07-02 19:39:34+00:00,2026-07-02 19:47:49+00:00,495.0,egauge113530,i51,Non Efficient
2026-07-02,6,2026-07-02 19:53:49+00:00,2026-07-02 20:00:30+00:00,401.0,egauge113530,i51,Non Efficient
2026-07-02,7,2026-07-02 20:01:21+00:00,2026-07-02 20:09:45+00:00,504.0,egauge113530,i51,Non Efficient
2026-07-02,8,2026-07-02 20:10:11+00:00,2026-07-02 20:15:52+00:00,341.0,egauge113530,i51,Non Efficient
2026-07-02,9,2026-07-02 20:18:43+00:00,2026-07-02 20:24:10+00:00,327.0,egauge113530,i51,Non Efficient
2026-07-02,10,2026-07-02 20:26:41+00:00,2026-07-02 20:33:47+00:00,426.0,egauge113530,i51,Non Efficient
2026-07-02,11,2026-07-02 20:33:49+00:00,2026-07-02 20:39:08+00:00,319.0,egauge113530,i51,Non Efficient
2026-07-02,12,2026-07-02 20:48:02+00:00,2026-07-02 20:54:22+00:00,380.0,egauge113530,i51,Non Efficient
2026-07-02,13,2026-07-02 20:57:13+00:00,2026-07-02 21:08:28+00:00,675.0,egauge113530,i51,Non Efficient
2026-07-02,14,2026-07-02 21:11:05+00:00,2026-07-02 21:16:22+00:00,317.0,egauge113530,i51,Non Efficient
2026-07-02,15,2026-07-02 21:22:16+00:00,2026-07-02 21:27:55+00:00,339.0,egauge113530,i51,Non Efficient
2026-07-02,16,2026-07-02 21:56:24+00:00,2026-07-02 22:06:59+00:00,635.0,egauge113530,i51,Non Efficient
2026-07-02,17,2026-07-02 22:15:25+00:00,2026-07-02 22:22:18+00:00,413.0,egauge113530,i51,Non Efficient
2026-07-02,18,2026-07-02 22:34:11+00:00,2026-07-02 22:39:51+00:00,340.0,egauge113530,i51,Non Efficient
2026-07-02,19,2026-07-02 22:40:37+00:00,2026-07-02 22:46:24+00:00,347.0,egauge113530,i51,Non Efficient
2026-07-02,20,2026-07-02 22:49:26+00:00,2026-07-02 23:10:03+00:00,1237.0,egauge113530,i51,Non Efficient
2026-07-02,21,2026-07-02 23:12:50+00:00,2026-07-02 23:29:13+00:00,983.0,egauge113530,i51,Non Efficient
2026-07-02,22,2026-07-02 23:29:26+00:00,2026-07-02 23:41:42+00:00,736.0,egauge113530,i51,Non Efficient
2026-07-02,23,2026-07-02 23:48:18+00:00,2026-07-02 23:56:00+00:00,462.0,egauge113530,i51,Non Efficient
2026-07-02,24,2026-07-02 23:56:10+00:00,2026-07-03 00:10:53+00:00,883.0,egauge113530,i51,Non Efficient
2026-07-03,25,2026-07-03 00:11:12+00:00,2026-07-03 00:16:45+00:00,333.0,egauge113530,i51,Non Efficient
2026-07-03,26,2026-07-03 00:16:52+00:00,2026-07-03 00:33:50+00:00,1018.0,egauge113530,i51,Non Efficient
2026-07-03,27,2026-07-03 00:36:30+00:00,2026-07-03 00:46:50+00:00,620.0,egauge113530,i51,Non Efficient
2026-07-03,28,2026-07-03 00:47:31+00:00,2026-07-03 01:07:21+00:00,1190.0,egauge113530,i51,Non Efficient
2026-07-03,29,2026-07-03 01:08:48+00:00,2026-07-03 01:17:59+00:00,551.0,egauge113530,i51,Non Efficient
2026-07-03,30,2026-07-03 01:22:54+00:00,2026-07-03 01:28:05+00:00,311.0,egauge113530,i51,Non Efficient
2026-07-03,31,2026-07-03 01:29:12+00:00,2026-07-03 01:34:20+00:00,308.0,egauge113530,i51,Non Efficient
2026-07-03,32,2026-07-03 01:35:20+00:00,2026-07-03 01:59:04+00:00,1424.0,egauge113530,i51,Non Efficient
2026-07-04,33,2026-07-04 03:48:15+00:00,2026-07-04 05:39:35+00:00,6680.0,egauge113530,i51,Non Efficient
2026-07-04,34,2026-07-04 05:39:58+00:00,2026-07-04 06:06:44+00:00,1606.0,egauge113530,i51,Non Efficient
2026-07-04,35,2026-07-04 06:06:46+00:00,2026-07-04 07:08:03+00:00,3677.0,egauge113530,i51,Non Efficient
2026-07-04,36,2026-07-04 07:08:05+00:00,2026-07-04 07:24:23+00:00,978.0,egauge113530,i51,Non Efficient
2026-07-04,37,2026-07-04 07:24:37+00:00,2026-07-04 07:31:37+00:00,420.0,egauge113530,i51,Non Efficient
2026-07-04,38,2026-07-04 07:32:05+00:00,2026-07-04 08:04:41+00:00,1956.0,egauge113530,i51,Non Efficient
2026-07-04,39,2026-07-04 08:04:46+00:00,2026-07-04 08:10:32+00:00,346.0,egauge113530,i51,Non Efficient
2026-07-04,40,2026-07-04 08:11:43+00:00,2026-07-04 08:58:03+00:00,2780.0,egauge113530,i51,Non Efficient
2026-07-04,41,2026-07-04 08:58:58+00:00,2026-07-04 09:21:53+00:00,1375.0,egauge113530,i51,Non Efficient
2026-07-04,42,2026-07-04 09:21:59+00:00,2026-07-04 09:29:56+00:00,477.0,egauge113530,i51,Non Efficient
2026-07-04,43,2026-07-04 09:30:15+00:00,2026-07-04 10:56:35+00:00,5180.0,egauge113530,i51,Non Efficient
2026-07-04,44,2026-07-04 10:58:54+00:00,2026-07-04 11:39:47+00:00,2453.0,egauge113530,i51,Non Efficient
2026-07-04,45,2026-07-04 11:39:49+00:00,2026-07-04 11:45:14+00:00,325.0,egauge113530,i51,Non Efficient
2026-07-04,46,2026-07-04 11:45:17+00:00,2026-07-04 11:50:57+00:00,340.0,egauge113530,i51,Non Efficient
2026-07-04,47,2026-07-04 11:51:16+00:00,2026-07-04 12:11:43+00:00,1227.0,egauge113530,i51,Non Efficient
2026-07-04,48,2026-07-04 12:11:45+00:00,2026-07-04 12:19:16+00:00,451.0,egauge113530,i51,Non Efficient
2026-07-04,49,2026-07-04 12:19:30+00:00,2026-07-06 14:18:53+00:00,179963.0,egauge113530,i51,Non Efficient
2026-07-06,50,2026-07-06 14:19:33+00:00,2026-07-06 14:30:38+00:00,665.0,egauge113530,i51,Non Efficient
2026-07-06,51,2026-07-06 14:35:37+00:00,2026-07-06 14:48:57+00:00,800.0,egauge113530,i51,Non Efficient
2026-07-06,52,2026-07-06 14:48:59+00:00,2026-07-06 14:56:05+00:00,426.0,egauge113530,i51,Non Efficient
2026-07-06,53,2026-07-06 14:59:13+00:00,2026-07-06 15:13:10+00:00,837.0,egauge113530,i51,Non Efficient
2026-07-06,54,2026-07-06 15:13:12+00:00,2026-07-06 15:43:30+00:00,1818.0,egauge113530,i51,Non Efficient
2026-07-06,55,2026-07-06 15:43:32+00:00,2026-07-06 15:48:41+00:00,309.0,egauge113530,i51,Non Efficient
2026-07-06,56,2026-07-06 15:49:00+00:00,2026-07-06 15:54:58+00:00,358.0,egauge113530,i51,Non Efficient
2026-07-06,57,2026-07-06 16:00:58+00:00,2026-07-06 16:06:30+00:00,332.0,egauge113530,i51,Non Efficient
2026-07-06,58,2026-07-06 16:08:23+00:00,2026-07-06 16:16:58+00:00,515.0,egauge113530,i51,Non Efficient
2026-07-06,59,2026-07-06 16:18:57+00:00,2026-07-06 16:27:00+00:00,483.0,egauge113530,i51,Non Efficient
2026-07-06,60,2026-07-06 16:28:15+00:00,2026-07-06 16:34:46+00:00,391.0,egauge113530,i51,Non Efficient
2026-07-06,61,2026-07-06 16:38:48+00:00,2026-07-06 17:00:01+00:00,1273.0,egauge113530,i51,Non Efficient
2026-07-06,62,2026-07-06 17:00:03+00:00,2026-07-06 17:42:30+00:00,2547.0,egauge113530,i51,Non Efficient
2026-07-06,63,2026-07-06 17:42:35+00:00,2026-07-06 17:52:48+00:00,613.0,egauge113530,i51,Non Efficient
2026-07-06,64,2026-07-06 17:52:50+00:00,2026-07-06 17:57:55+00:00,305.0,egauge113530,i51,Non Efficient
2026-07-06,65,2026-07-06 17:57:57+00:00,2026-07-06 18:05:23+00:00,446.0,egauge113530,i51,Non Efficient
2026-07-06,66,2026-07-06 18:05:25+00:00,2026-07-06 18:15:27+00:00,602.0,egauge113530,i51,Non Efficient
2026-07-06,67,2026-07-06 18:20:37+00:00,2026-07-06 18:36:04+00:00,927.0,egauge113530,i51,Non Efficient
2026-07-06,68,2026-07-06 18:36:09+00:00,2026-07-06 19:08:53+00:00,1964.0,egauge113530,i51,Non Efficient
2026-07-06,69,2026-07-06 19:09:08+00:00,2026-07-06 19:16:44+00:00,456.0,egauge113530,i51,Non Efficient
2026-07-06,70,2026-07-06 19:20:11+00:00,2026-07-06 19:27:43+00:00,452.0,egauge113530,i51,Non Efficient
2026-07-06,71,2026-07-06 19:27:49+00:00,2026-07-06 19:35:53+00:00,484.0,egauge113530,i51,Non Efficient
2026-07-06,72,2026-07-06 19:35:57+00:00,2026-07-06 19:57:05+00:00,1268.0,egauge113530,i51,Non Efficient
2026-07-06,73,2026-07-06 20:02:29+00:00,2026-07-06 20:08:42+00:00,373.0,egauge113530,i51,Non Efficient
2026-07-06,74,2026-07-06 20:13:53+00:00,2026-07-06 20:24:00+00:00,607.0,egauge113530,i51,Non Efficient
2026-07-06,75,2026-07-06 20:24:49+00:00,2026-07-06 20:36:45+00:00,716.0,egauge113530,i51,Non Efficient
2026-07-06,76,2026-07-06 20:36:47+00:00,2026-07-06 20:44:31+00:00,464.0,egauge113530,i51,Non Efficient
2026-07-06,77,2026-07-06 20:44:36+00:00,2026-07-06 20:49:54+00:00,318.0,egauge113530,i51,Non Efficient
2026-07-06,78,2026-07-06 20:50:26+00:00,2026-07-06 21:13:30+00:00,1384.0,egauge113530,i51,Non Efficient
2026-07-06,79,2026-07-06 21:13:32+00:00,2026-07-06 21:25:46+00:00,734.0,egauge113530,i51,Non Efficient
2026-07-06,80,2026-07-06 21:28:07+00:00,2026-07-06 21:36:28+00:00,501.0,egauge113530,i51,Non Efficient
2026-07-06,81,2026-07-06 21:41:53+00:00,2026-07-06 21:58:17+00:00,984.0,egauge113530,i51,Non Efficient
2026-07-06,82,2026-07-06 21:58:22+00:00,2026-07-06 22:20:27+00:00,1325.0,egauge113530,i51,Non Efficient
2026-07-06,83,2026-07-06 22:21:02+00:00,2026-07-06 22:40:23+00:00,1161.0,egauge113530,i51,Non Efficient
2026-07-06,84,2026-07-06 22:51:31+00:00,2026-07-06 23:07:09+00:00,938.0,egauge113530,i51,Non Efficient
2026-07-06,85,2026-07-06 23:09:00+00:00,2026-07-06 23:21:56+00:00,776.0,egauge113530,i51,Non Efficient
2026-07-06,86,2026-07-06 23:21:58+00:00,2026-07-06 23:45:02+00:00,1384.0,egauge113530,i51,Non Efficient
2026-07-06,87,2026-07-06 23:50:09+00:00,2026-07-07 00:14:18+00:00,1449.0,egauge113530,i51,Non Efficient
2026-07-07,88,2026-07-07 00:14:23+00:00,2026-07-07 00:29:39+00:00,916.0,egauge113530,i51,Non Efficient
2026-07-07,89,2026-07-07 00:29:44+00:00,2026-07-07 00:35:32+00:00,348.0,egauge113530,i51,Non Efficient
2026-07-07,90,2026-07-07 00:37:36+00:00,2026-07-07 01:13:45+00:00,2169.0,egauge113530,i51,Non Efficient
2026-07-07,91,2026-07-07 01:22:12+00:00,2026-07-07 01:39:14+00:00,1022.0,egauge113530,i51,Non Efficient
2026-07-07,92,2026-07-07 01:39:48+00:00,2026-07-07 02:10:00+00:00,1812.0,egauge113530,i51,Non Efficient
2026-07-07,93,2026-07-07 02:10:02+00:00,2026-07-07 04:52:40+00:00,9758.0,egauge113530,i51,Non Efficient
2026-07-07,94,2026-07-07 04:54:34+00:00,2026-07-07 04:59:56+00:00,322.0,egauge113530,i51,Non Efficient
2026-07-07,95,2026-07-07 05:00:01+00:00,2026-07-07 05:10:16+00:00,615.0,egauge113530,i51,Non Efficient
2026-07-07,96,2026-07-07 05:10:21+00:00,2026-07-07 05:27:23+00:00,1022.0,egauge113530,i51,Non Efficient
2026-07-07,97,2026-07-07 05:27:26+00:00,2026-07-07 06:35:05+00:00,4059.0,egauge113530,i51,Non Efficient
2026-07-07,98,2026-07-07 06:35:41+00:00,2026-07-07 07:41:22+00:00,3941.0,egauge113530,i51,Non Efficient
2026-07-07,99,2026-07-07 07:43:51+00:00,2026-07-07 07:49:47+00:00,356.0,egauge113530,i51,Non Efficient
2026-07-07,100,2026-07-07 07:52:45+00:00,2026-07-07 08:54:15+00:00,3690.0,egauge113530,i51,Non Efficient
2026-07-08,101,2026-07-08 19:07:09+00:00,2026-07-08 20:08:08+00:00,3659.0,egauge113530,i51,Non Efficient
2026-07-08,102,2026-07-08 20:11:37+00:00,2026-07-08 20:18:34+00:00,417.0,egauge113530,i51,Non Efficient
2026-07-08,103,2026-07-08 20:24:11+00:00,2026-07-08 20:31:20+00:00,429.0,egauge113530,i51,Non Efficient
2026-07-08,104,2026-07-08 20:38:16+00:00,2026-07-08 20:43:38+00:00,322.0,egauge113530,i51,Non Efficient
2026-07-08,105,2026-07-08 20:46:21+00:00,2026-07-08 20:52:28+00:00,367.0,egauge113530,i51,Non Efficient
2026-07-08,106,2026-07-08 20:53:27+00:00,2026-07-08 21:01:32+00:00,485.0,egauge113530,i51,Non Efficient
2026-07-08,107,2026-07-08 21:04:06+00:00,2026-07-08 21:18:28+00:00,862.0,egauge113530,i51,Non Efficient
2026-07-08,108,2026-07-08 21:19:06+00:00,2026-07-08 21:26:50+00:00,464.0,egauge113530,i51,Non Efficient
2026-07-08,109,2026-07-08 21:28:18+00:00,2026-07-08 21:33:38+00:00,320.0,egauge113530,i51,Non Efficient
2026-07-08,110,2026-07-08 21:45:49+00:00,2026-07-08 21:53:46+00:00,477.0,egauge113530,i51,Non Efficient
2026-07-08,111,2026-07-08 21:53:51+00:00,2026-07-08 22:18:28+00:00,1477.0,egauge113530,i51,Non Efficient
2026-07-08,112,2026-07-08 22:22:40+00:00,2026-07-08 22:27:52+00:00,312.0,egauge113530,i51,Non Efficient
2026-07-08,113,2026-07-08 22:28:49+00:00,2026-07-08 22:44:42+00:00,953.0,egauge113530,i51,Non Efficient
2026-07-08,114,2026-07-08 22:44:51+00:00,2026-07-08 22:54:01+00:00,550.0,egauge113530,i51,Non Efficient
2026-07-08,115,2026-07-08 23:00:39+00:00,2026-07-08 23:20:49+00:00,1210.0,egauge113530,i51,Non Efficient
2026-07-08,116,2026-07-08 23:30:16+00:00,2026-07-08 23:39:54+00:00,578.0,egauge113530,i51,Non Efficient
2026-07-08,117,2026-07-08 23:39:56+00:00,2026-07-08 23:46:52+00:00,416.0,egauge113530,i51,Non Efficient
2026-07-08,118,2026-07-08 23:46:56+00:00,2026-07-08 23:58:11+00:00,675.0,egauge113530,i51,Non Efficient
2026-07-08,119,2026-07-08 23:59:10+00:00,2026-07-09 00:20:08+00:00,1258.0,egauge113530,i51,Non Efficient
2026-07-09,120,2026-07-09 00:20:10+00:00,2026-07-09 00:26:31+00:00,381.0,egauge113530,i51,Non Efficient
2026-07-09,121,2026-07-09 00:27:01+00:00,2026-07-09 00:44:37+00:00,1056.0,egauge113530,i51,Non Efficient
2026-07-09,122,2026-07-09 00:44:52+00:00,2026-07-09 00:53:19+00:00,507.0,egauge113530,i51,Non Efficient
2026-07-09,123,2026-07-09 00:53:23+00:00,2026-07-09 01:07:09+00:00,826.0,egauge113530,i51,Non Efficient
2026-07-09,124,2026-07-09 01:07:25+00:00,2026-07-09 01:36:40+00:00,1755.0,egauge113530,i51,Non Efficient
2026-07-09,125,2026-07-09 01:38:22+00:00,2026-07-09 02:16:51+00:00,2309.0,egauge113530,i51,Non Efficient
2026-07-09,126,2026-07-09 02:16:53+00:00,2026-07-09 02:27:58+00:00,665.0,egauge113530,i51,Non Efficient
2026-07-09,127,2026-07-09 02:30:28+00:00,2026-07-09 02:37:17+00:00,409.0,egauge113530,i51,Non Efficient
2026-07-09,128,2026-07-09 02:39:54+00:00,2026-07-09 02:46:51+00:00,417.0,egauge113530,i51,Non Efficient
2026-07-09,129,2026-07-09 02:49:09+00:00,2026-07-09 03:16:42+00:00,1653.0,egauge113530,i51,Non Efficient
2026-07-09,130,2026-07-09 03:16:44+00:00,2026-07-09 03:50:27+00:00,2023.0,egauge113530,i51,Non Efficient
2026-07-09,131,2026-07-09 03:50:33+00:00,2026-07-09 04:09:20+00:00,1127.0,egauge113530,i51,Non Efficient
2026-07-09,132,2026-07-09 04:10:56+00:00,2026-07-09 04:25:14+00:00,858.0,egauge113530,i51,Non Efficient
2026-07-09,133,2026-07-09 04:30:32+00:00,2026-07-09 04:37:42+00:00,430.0,egauge113530,i51,Non Efficient
2026-07-09,134,2026-07-09 04:49:00+00:00,2026-07-09 05:07:56+00:00,1136.0,egauge113530,i51,Non Efficient
2026-07-09,135,2026-07-09 05:12:54+00:00,2026-07-09 05:19:06+00:00,372.0,egauge113530,i51,Non Efficient
2026-07-09,136,2026-07-09 05:21:35+00:00,2026-07-09 05:50:10+00:00,1715.0,egauge113530,i51,Non Efficient
2026-07-09,137,2026-07-09 05:54:11+00:00,2026-07-09 06:00:17+00:00,366.0,egauge113530,i51,Non Efficient
2026-07-09,138,2026-07-09 06:00:23+00:00,2026-07-09 07:19:21+00:00,4738.0,egauge113530,i51,Non Efficient
2026-07-09,139,2026-07-09 07:23:17+00:00,2026-07-09 07:30:21+00:00,424.0,egauge113530,i51,Non Efficient
2026-07-09,140,2026-07-09 07:31:09+00:00,2026-07-09 07:46:34+00:00,925.0,egauge113530,i51,Non Efficient
2026-07-09,141,2026-07-09 07:47:14+00:00,2026-07-09 07:55:55+00:00,521.0,egauge113530,i51,Non Efficient
2026-07-09,142,2026-07-09 07:56:00+00:00,2026-07-09 08:01:37+00:00,337.0,egauge113530,i51,Non Efficient
2026-07-09,143,2026-07-09 08:05:27+00:00,2026-07-09 08:43:08+00:00,2261.0,egauge113530,i51,Non Efficient
2026-07-09,144,2026-07-09 08:50:26+00:00,2026-07-09 09:35:52+00:00,2726.0,egauge113530,i51,Non Efficient
2026-07-09,145,2026-07-09 22:26:38+00:00,2026-07-09 22:31:42+00:00,304.0,egauge113530,i51,Non Efficient
2026-07-09,146,2026-07-09 22:32:03+00:00,2026-07-09 22:37:30+00:00,327.0,egauge113530,i51,Non Efficient
2026-07-09,147,2026-07-09 22:39:52+00:00,2026-07-10 02:08:27+00:00,12515.0,egauge113530,i51,Non Efficient
2026-07-11,148,2026-07-11 05:18:55+00:00,2026-07-11 11:51:54+00:00,23579.0,egauge113530,i51,Non Efficient
2026-07-11,149,2026-07-11 12:07:14+00:00,2026-07-11 12:13:00+00:00,346.0,egauge113530,i51,Non Efficient
2026-07-11,150,2026-07-11 12:51:24+00:00,2026-07-11 17:34:41+00:00,16997.0,egauge113530,i51,Non Efficient
2026-07-11,151,2026-07-11 18:01:55+00:00,2026-07-11 18:25:45+00:00,1430.0,egauge113530,i51,Non Efficient
2026-07-11,152,2026-07-11 18:31:39+00:00,2026-07-11 18:40:27+00:00,528.0,egauge113530,i51,Non Efficient
2026-07-11,153,2026-07-11 18:40:38+00:00,2026-07-11 18:46:00+00:00,322.0,egauge113530,i51,Non Efficient
2026-07-11,154,2026-07-11 18:46:02+00:00,2026-07-11 18:51:48+00:00,346.0,egauge113530,i51,Non Efficient
2026-07-11,155,2026-07-11 18:51:53+00:00,2026-07-11 19:09:00+00:00,1027.0,egauge113530,i51,Non Efficient
2026-07-11,156,2026-07-11 19:09:03+00:00,2026-07-11 19:29:45+00:00,1242.0,egauge113530,i51,Non Efficient
2026-07-11,157,2026-07-11 19:29:47+00:00,2026-07-11 19:47:18+00:00,1051.0,egauge113530,i51,Non Efficient
2026-07-11,158,2026-07-11 19:49:54+00:00,2026-07-11 20:52:54+00:00,3780.0,egauge113530,i51,Non Efficient
2026-07-11,159,2026-07-11 20:57:33+00:00,2026-07-11 21:03:03+00:00,330.0,egauge113530,i51,Non Efficient
2026-07-11,160,2026-07-11 21:03:08+00:00,2026-07-11 21:17:44+00:00,876.0,egauge113530,i51,Non Efficient
2026-07-11,161,2026-07-11 21:20:50+00:00,2026-07-11 21:38:19+00:00,1049.0,egauge113530,i51,Non Efficient
2026-07-11,162,2026-07-11 21:38:24+00:00,2026-07-11 21:52:13+00:00,829.0,egauge113530,i51,Non Efficient
2026-07-11,163,2026-07-11 21:52:45+00:00,2026-07-11 22:03:50+00:00,665.0,egauge113530,i51,Non Efficient
2026-07-11,164,2026-07-11 22:03:53+00:00,2026-07-11 22:15:19+00:00,686.0,egauge113530,i51,Non Efficient
2026-07-11,165,2026-07-11 22:15:26+00:00,2026-07-11 23:09:09+00:00,3223.0,egauge113530,i51,Non Efficient
2026-07-11,166,2026-07-11 23:10:16+00:00,2026-07-11 23:25:16+00:00,900.0,egauge113530,i51,Non Efficient
2026-07-11,167,2026-07-11 23:25:18+00:00,2026-07-11 23:36:13+00:00,655.0,egauge113530,i51,Non Efficient
2026-07-11,168,2026-07-11 23:36:20+00:00,2026-07-11 23:44:54+00:00,514.0,egauge113530,i51,Non Efficient
2026-07-11,169,2026-07-11 23:45:21+00:00,2026-07-11 23:50:50+00:00,329.0,egauge113530,i51,Non Efficient
2026-07-11,170,2026-07-11 23:51:33+00:00,2026-07-11 23:59:59+00:00,506.0,egauge113530,i51,Non Efficient
2026-05-24,0,2026-05-24 02:30:49+00:00,2026-05-24 02:46:13+00:00,924.0,egauge90773,i11,Non Efficient
2026-06-04,1,2026-06-04 03:46:13+00:00,2026-06-04 04:05:19+00:00,1146.0,egauge90773,i11,Non Efficient
2026-06-06,2,2026-06-06 04:07:10+00:00,2026-06-06 04:36:19+00:00,1749.0,egauge90773,i11,Non Efficient
2026-06-07,3,2026-06-07 06:51:21+00:00,2026-06-07 14:11:39+00:00,26418.0,egauge90773,i11,Non Efficient
2026-06-07,4,2026-06-07 14:45:53+00:00,2026-06-08 07:02:16+00:00,58583.0,egauge90773,i11,Non Efficient
2026-06-17,5,2026-06-17 02:58:43+00:00,2026-06-17 03:13:08+00:00,865.0,egauge90773,i11,Non Efficient
2026-06-18,6,2026-06-18 02:51:31+00:00,2026-06-18 03:07:40+00:00,969.0,egauge90773,i11,Non Efficient
2026-06-20,7,2026-06-20 02:53:14+00:00,2026-06-20 03:09:28+00:00,974.0,egauge90773,i11,Non Efficient
2026-06-20,8,2026-06-20 03:30:15+00:00,2026-06-20 03:40:25+00:00,610.0,egauge90773,i11,Non Efficient
2026-05-13,0,2026-05-13 14:22:47+00:00,2026-05-13 14:29:41+00:00,414.0,egauge90773,i21,Non Efficient
2026-05-13,1,2026-05-13 14:29:47+00:00,2026-05-13 14:39:44+00:00,597.0,egauge90773,i21,Non Efficient
2026-05-13,2,2026-05-13 14:49:28+00:00,2026-05-13 14:55:22+00:00,354.0,egauge90773,i21,Non Efficient
2026-05-13,3,2026-05-13 14:55:24+00:00,2026-05-13 15:09:27+00:00,843.0,egauge90773,i21,Non Efficient
2026-05-13,4,2026-05-13 15:09:36+00:00,2026-05-13 15:20:49+00:00,673.0,egauge90773,i21,Non Efficient
2026-05-13,5,2026-05-13 15:20:51+00:00,2026-05-13 16:09:06+00:00,2895.0,egauge90773,i21,Non Efficient
2026-05-13,6,2026-05-13 16:09:08+00:00,2026-05-13 18:22:45+00:00,8017.0,egauge90773,i21,Non Efficient
2026-05-13,7,2026-05-13 18:22:48+00:00,2026-05-13 18:28:28+00:00,340.0,egauge90773,i21,Non Efficient
2026-05-13,8,2026-05-13 18:28:30+00:00,2026-05-13 19:47:58+00:00,4768.0,egauge90773,i21,Non Efficient
2026-05-13,9,2026-05-13 19:48:09+00:00,2026-05-13 19:53:49+00:00,340.0,egauge90773,i21,Non Efficient
2026-05-13,10,2026-05-13 19:53:51+00:00,2026-05-13 20:03:53+00:00,602.0,egauge90773,i21,Non Efficient
2026-05-13,11,2026-05-13 20:05:08+00:00,2026-05-13 20:13:38+00:00,510.0,egauge90773,i21,Non Efficient
2026-05-13,12,2026-05-13 20:30:51+00:00,2026-05-13 20:36:22+00:00,331.0,egauge90773,i21,Non Efficient
2026-05-13,13,2026-05-13 20:42:15+00:00,2026-05-13 20:47:47+00:00,332.0,egauge90773,i21,Non Efficient
2026-05-13,14,2026-05-13 20:47:52+00:00,2026-05-13 20:53:31+00:00,339.0,egauge90773,i21,Non Efficient
2026-05-13,15,2026-05-13 20:56:25+00:00,2026-05-13 21:02:06+00:00,341.0,egauge90773,i21,Non Efficient
2026-05-13,16,2026-05-13 21:02:08+00:00,2026-05-13 21:07:48+00:00,340.0,egauge90773,i21,Non Efficient
2026-05-13,17,2026-05-13 21:36:23+00:00,2026-05-13 21:42:00+00:00,337.0,egauge90773,i21,Non Efficient
2026-05-13,18,2026-05-13 21:44:52+00:00,2026-05-13 21:50:36+00:00,344.0,egauge90773,i21,Non Efficient
2026-05-13,19,2026-05-13 21:50:38+00:00,2026-05-13 21:56:12+00:00,334.0,egauge90773,i21,Non Efficient
2026-05-13,20,2026-05-13 22:13:27+00:00,2026-05-13 22:19:05+00:00,338.0,egauge90773,i21,Non Efficient
2026-05-13,21,2026-05-13 22:44:49+00:00,2026-05-13 22:50:24+00:00,335.0,egauge90773,i21,Non Efficient
2026-05-13,22,2026-05-13 22:50:33+00:00,2026-05-13 22:56:06+00:00,333.0,egauge90773,i21,Non Efficient
2026-05-13,23,2026-05-13 23:36:07+00:00,2026-05-13 23:44:36+00:00,509.0,egauge90773,i21,Non Efficient
2026-05-13,24,2026-05-13 23:56:10+00:00,2026-05-14 00:01:45+00:00,335.0,egauge90773,i21,Non Efficient
2026-05-14,25,2026-05-14 00:07:33+00:00,2026-05-14 00:13:11+00:00,338.0,egauge90773,i21,Non Efficient
2026-05-14,26,2026-05-14 00:39:00+00:00,2026-05-14 00:44:33+00:00,333.0,egauge90773,i21,Non Efficient
2026-05-14,27,2026-05-14 01:16:03+00:00,2026-05-14 01:21:44+00:00,341.0,egauge90773,i21,Non Efficient
2026-05-14,28,2026-05-14 03:33:22+00:00,2026-05-14 03:39:03+00:00,341.0,egauge90773,i21,Non Efficient
2026-05-14,29,2026-05-14 03:50:30+00:00,2026-05-14 03:56:11+00:00,341.0,egauge90773,i21,Non Efficient
2026-05-14,30,2026-05-14 03:59:03+00:00,2026-05-14 04:04:49+00:00,346.0,egauge90773,i21,Non Efficient
2026-05-14,31,2026-05-14 04:04:51+00:00,2026-05-14 04:10:27+00:00,336.0,egauge90773,i21,Non Efficient
2026-05-14,32,2026-05-14 04:13:21+00:00,2026-05-14 04:19:01+00:00,340.0,egauge90773,i21,Non Efficient
2026-05-14,33,2026-05-14 04:22:00+00:00,2026-05-14 04:27:41+00:00,341.0,egauge90773,i21,Non Efficient
2026-05-14,34,2026-05-14 04:36:18+00:00,2026-05-14 04:41:59+00:00,341.0,egauge90773,i21,Non Efficient
2026-05-14,35,2026-05-14 04:56:30+00:00,2026-05-14 05:04:52+00:00,502.0,egauge90773,i21,Non Efficient
2026-05-14,36,2026-05-14 08:07:39+00:00,2026-05-14 08:13:13+00:00,334.0,egauge90773,i21,Non Efficient
2026-05-14,37,2026-05-14 10:38:46+00:00,2026-05-14 10:44:22+00:00,336.0,egauge90773,i21,Non Efficient
2026-05-16,38,2026-05-16 16:51:53+00:00,2026-05-16 16:58:25+00:00,392.0,egauge90773,i21,Non Efficient
2026-05-17,39,2026-05-17 03:00:29+00:00,2026-05-17 03:19:08+00:00,1119.0,egauge90773,i21,Non Efficient
2026-06-07,40,2026-06-07 06:50:58+00:00,2026-06-07 07:20:54+00:00,1796.0,egauge90773,i21,Non Efficient
2026-06-07,41,2026-06-07 07:23:25+00:00,2026-06-07 07:46:24+00:00,1379.0,egauge90773,i21,Non Efficient
2026-06-07,42,2026-06-07 07:46:32+00:00,2026-06-07 07:54:31+00:00,479.0,egauge90773,i21,Non Efficient
2026-05-02,0,2026-05-02 03:19:00+00:00,2026-05-02 03:34:00+00:00,900.0,egauge90773,i41,Non Efficient
2026-05-02,1,2026-05-02 03:40:00+00:00,2026-05-02 04:56:00+00:00,4560.0,egauge90773,i41,Non Efficient
2026-05-04,2,2026-05-04 03:23:53+00:00,2026-05-04 03:29:04+00:00,311.0,egauge90773,i41,Non Efficient
2026-05-17,3,2026-05-17 14:17:53+00:00,2026-05-17 14:30:32+00:00,759.0,egauge90773,i41,Non Efficient
2026-05-17,4,2026-05-17 14:44:39+00:00,2026-05-17 14:51:34+00:00,415.0,egauge90773,i41,Non Efficient
2026-05-17,5,2026-05-17 17:05:53+00:00,2026-05-17 17:16:53+00:00,660.0,egauge90773,i41,Non Efficient
2026-05-18,6,2026-05-18 19:34:09+00:00,2026-05-18 19:41:42+00:00,453.0,egauge90773,i41,Non Efficient
2026-05-18,7,2026-05-18 21:15:48+00:00,2026-05-18 21:25:03+00:00,555.0,egauge90773,i41,Non Efficient
2026-05-19,8,2026-05-19 02:49:38+00:00,2026-05-19 02:58:53+00:00,555.0,egauge90773,i41,Non Efficient
2026-05-20,9,2026-05-20 02:45:06+00:00,2026-05-20 02:54:21+00:00,555.0,egauge90773,i41,Non Efficient
2026-05-23,10,2026-05-23 08:07:20+00:00,2026-05-23 10:43:43+00:00,9383.0,egauge90773,i41,Non Efficient
2026-05-30,11,2026-05-30 04:42:10+00:00,2026-05-30 04:52:19+00:00,609.0,egauge90773,i41,Non Efficient
2026-06-01,12,2026-06-01 00:22:53+00:00,2026-06-01 00:35:52+00:00,779.0,egauge90773,i41,Non Efficient
2026-06-01,13,2026-06-01 05:28:18+00:00,2026-06-01 05:34:14+00:00,356.0,egauge90773,i41,Non Efficient
2026-06-01,14,2026-06-01 07:24:43+00:00,2026-06-01 07:54:46+00:00,1803.0,egauge90773,i41,Non Efficient
2026-06-02,15,2026-06-02 02:47:09+00:00,2026-06-02 14:46:32+00:00,43163.0,egauge90773,i41,Non Efficient
2026-06-06,16,2026-06-06 03:34:56+00:00,2026-06-07 14:14:32+00:00,124776.0,egauge90773,i41,Non Efficient
2026-06-07,17,2026-06-07 14:21:15+00:00,2026-06-08 07:31:03+00:00,61788.0,egauge90773,i41,Non Efficient
2026-06-08,18,2026-06-08 19:02:43+00:00,2026-06-08 19:11:58+00:00,555.0,egauge90773,i41,Non Efficient
2026-06-09,19,2026-06-09 02:51:14+00:00,2026-06-09 03:21:18+00:00,1804.0,egauge90773,i41,Non Efficient
2026-06-09,20,2026-06-09 21:20:18+00:00,2026-06-09 21:29:33+00:00,555.0,egauge90773,i41,Non Efficient
2026-06-10,21,2026-06-10 02:48:20+00:00,2026-06-10 02:57:35+00:00,555.0,egauge90773,i41,Non Efficient
2026-06-10,22,2026-06-10 15:12:05+00:00,2026-06-10 15:21:21+00:00,556.0,egauge90773,i41,Non Efficient
2026-06-11,23,2026-06-11 08:47:13+00:00,2026-06-11 08:56:28+00:00,555.0,egauge90773,i41,Non Efficient
2026-06-16,24,2026-06-16 23:59:10+00:00,2026-06-17 00:08:25+00:00,555.0,egauge90773,i41,Non Efficient
2026-06-17,25,2026-06-17 20:40:45+00:00,2026-06-17 20:50:01+00:00,556.0,egauge90773,i41,Non Efficient
2026-06-20,26,2026-06-20 02:51:15+00:00,2026-06-20 03:07:23+00:00,968.0,egauge90773,i41,Non Efficient
2026-06-21,27,2026-06-21 05:57:38+00:00,2026-06-21 06:17:26+00:00,1188.0,egauge90773,i41,Non Efficient
2026-05-13,0,2026-05-13 19:27:03+00:00,2026-05-13 19:36:53+00:00,590.0,egauge90773,i51,Non Efficient
2026-05-13,1,2026-05-13 19:39:43+00:00,2026-05-13 19:44:53+00:00,310.0,egauge90773,i51,Non Efficient
2026-05-17,2,2026-05-17 14:17:42+00:00,2026-05-17 14:30:32+00:00,770.0,egauge90773,i51,Non Efficient
2026-05-17,3,2026-05-17 14:44:53+00:00,2026-05-17 14:51:33+00:00,400.0,egauge90773,i51,Non Efficient
2026-05-17,4,2026-05-17 14:58:53+00:00,2026-05-17 15:16:53+00:00,1080.0,egauge90773,i51,Non Efficient
2026-05-17,5,2026-05-17 15:29:53+00:00,2026-05-17 15:40:53+00:00,660.0,egauge90773,i51,Non Efficient
2026-05-17,6,2026-05-17 15:42:53+00:00,2026-05-17 16:00:53+00:00,1080.0,egauge90773,i51,Non Efficient
2026-05-17,7,2026-05-17 16:05:53+00:00,2026-05-17 17:11:53+00:00,3960.0,egauge90773,i51,Non Efficient
2026-05-17,8,2026-05-17 17:15:53+00:00,2026-05-17 17:45:53+00:00,1800.0,egauge90773,i51,Non Efficient
2026-05-17,9,2026-05-17 17:52:53+00:00,2026-05-17 18:38:26+00:00,2733.0,egauge90773,i51,Non Efficient
2026-05-17,10,2026-05-17 18:44:53+00:00,2026-05-17 18:54:53+00:00,600.0,egauge90773,i51,Non Efficient
2026-05-17,11,2026-05-17 18:56:53+00:00,2026-05-17 19:08:53+00:00,720.0,egauge90773,i51,Non Efficient
2026-05-17,12,2026-05-17 19:30:53+00:00,2026-05-17 19:48:53+00:00,1080.0,egauge90773,i51,Non Efficient
2026-05-17,13,2026-05-17 20:39:35+00:00,2026-05-17 20:53:53+00:00,858.0,egauge90773,i51,Non Efficient
2026-05-17,14,2026-05-17 21:13:53+00:00,2026-05-17 21:18:53+00:00,300.0,egauge90773,i51,Non Efficient
2026-05-17,15,2026-05-17 21:19:53+00:00,2026-05-17 22:00:53+00:00,2460.0,egauge90773,i51,Non Efficient
2026-05-17,16,2026-05-17 22:01:38+00:00,2026-05-17 22:34:53+00:00,1995.0,egauge90773,i51,Non Efficient
2026-05-17,17,2026-05-17 22:46:53+00:00,2026-05-17 22:55:53+00:00,540.0,egauge90773,i51,Non Efficient
2026-05-17,18,2026-05-17 23:03:53+00:00,2026-05-17 23:08:53+00:00,300.0,egauge90773,i51,Non Efficient
2026-05-17,19,2026-05-17 23:11:53+00:00,2026-05-17 23:16:53+00:00,300.0,egauge90773,i51,Non Efficient
2026-05-18,20,2026-05-18 00:05:50+00:00,2026-05-18 00:37:53+00:00,1923.0,egauge90773,i51,Non Efficient
2026-05-18,21,2026-05-18 00:52:42+00:00,2026-05-18 00:59:53+00:00,431.0,egauge90773,i51,Non Efficient
2026-05-18,22,2026-05-18 01:04:16+00:00,2026-05-18 01:09:53+00:00,337.0,egauge90773,i51,Non Efficient
2026-05-18,23,2026-05-18 01:10:53+00:00,2026-05-18 01:25:53+00:00,900.0,egauge90773,i51,Non Efficient
2026-05-18,24,2026-05-18 01:31:53+00:00,2026-05-18 01:38:53+00:00,420.0,egauge90773,i51,Non Efficient
2026-05-18,25,2026-05-18 03:32:20+00:00,2026-05-18 03:41:53+00:00,573.0,egauge90773,i51,Non Efficient
2026-05-18,26,2026-05-18 04:32:53+00:00,2026-05-18 04:38:53+00:00,360.0,egauge90773,i51,Non Efficient
2026-05-18,27,2026-05-18 05:03:53+00:00,2026-05-18 05:09:53+00:00,360.0,egauge90773,i51,Non Efficient
2026-05-18,28,2026-05-18 05:12:53+00:00,2026-05-18 05:17:53+00:00,300.0,egauge90773,i51,Non Efficient
2026-05-18,29,2026-05-18 05:20:53+00:00,2026-05-18 05:25:53+00:00,300.0,egauge90773,i51,Non Efficient
2026-05-18,30,2026-05-18 11:25:00+00:00,2026-05-18 12:00:00+00:00,2100.0,egauge90773,i51,Non Efficient
2026-05-19,31,2026-05-19 00:30:57+00:00,2026-05-19 00:36:40+00:00,343.0,egauge90773,i51,Non Efficient
2026-05-30,32,2026-05-30 05:07:49+00:00,2026-05-31 14:44:32+00:00,121003.0,egauge90773,i51,Non Efficient
2026-06-01,33,2026-06-01 00:22:16+00:00,2026-06-01 00:27:53+00:00,337.0,egauge90773,i51,Non Efficient
2026-06-01,34,2026-06-01 08:25:40+00:00,2026-06-01 08:31:53+00:00,373.0,egauge90773,i51,Non Efficient
2026-06-01,35,2026-06-01 08:39:53+00:00,2026-06-01 08:44:53+00:00,300.0,egauge90773,i51,Non Efficient
2026-06-01,36,2026-06-01 08:45:53+00:00,2026-06-01 08:50:53+00:00,300.0,egauge90773,i51,Non Efficient
2026-06-01,37,2026-06-01 08:57:53+00:00,2026-06-01 09:02:53+00:00,300.0,egauge90773,i51,Non Efficient
2026-06-01,38,2026-06-01 09:03:53+00:00,2026-06-01 09:12:53+00:00,540.0,egauge90773,i51,Non Efficient
2026-06-01,39,2026-06-01 09:19:53+00:00,2026-06-01 09:33:53+00:00,840.0,egauge90773,i51,Non Efficient
2026-06-01,40,2026-06-01 09:35:53+00:00,2026-06-01 09:45:53+00:00,600.0,egauge90773,i51,Non Efficient
2026-06-01,41,2026-06-01 09:46:53+00:00,2026-06-01 09:58:16+00:00,683.0,egauge90773,i51,Non Efficient
2026-06-01,42,2026-06-01 09:58:53+00:00,2026-06-01 10:06:53+00:00,480.0,egauge90773,i51,Non Efficient
2026-06-01,43,2026-06-01 10:11:53+00:00,2026-06-01 10:20:17+00:00,504.0,egauge90773,i51,Non Efficient
2026-06-01,44,2026-06-01 10:20:22+00:00,2026-06-01 10:28:53+00:00,511.0,egauge90773,i51,Non Efficient
2026-06-11,45,2026-06-11 01:44:53+00:00,2026-06-11 01:51:06+00:00,373.0,egauge90773,i51,Non Efficient
2026-06-11,46,2026-06-11 08:02:53+00:00,2026-06-11 08:08:58+00:00,365.0,egauge90773,i51,Non Efficient
2026-06-15,47,2026-06-15 09:25:38+00:00,2026-06-15 14:13:32+00:00,17274.0,egauge90773,i51,Non Efficient
2026-06-18,48,2026-06-18 16:15:53+00:00,2026-06-18 16:31:53+00:00,960.0,egauge90773,i51,Non Efficient
2026-06-18,49,2026-06-18 17:06:53+00:00,2026-06-18 17:12:11+00:00,318.0,egauge90773,i51,Non Efficient
2026-06-19,0,2026-06-19 15:37:00+00:00,2026-06-19 15:51:00+00:00,840.0,egauge113526,i21,Non Efficient
2026-06-19,0,2026-06-19 15:37:00+00:00,2026-06-19 16:05:00+00:00,1680.0,egauge113526,i31,Non Efficient
2026-07-16,9,2026-07-16 02:55:13+00:00,2026-07-16 03:15:30+00:00,1217.0,egauge90773,i11,Non Efficient
2026-07-16,10,2026-07-16 04:41:42+00:00,2026-07-16 04:54:39+00:00,777.0,egauge90773,i11,Non Efficient
2026-07-18,11,2026-07-18 03:00:27+00:00,2026-07-18 03:20:44+00:00,1217.0,egauge90773,i11,Non Efficient
2026-07-18,12,2026-07-18 08:21:46+00:00,2026-07-18 14:32:53+00:00,22267.0,egauge90773,i11,Non Efficient
2026-07-19,13,2026-07-19 03:41:30+00:00,2026-07-19 14:41:59+00:00,39629.0,egauge90773,i11,Non Efficient
2026-07-21,14,2026-07-21 03:32:25+00:00,2026-07-21 03:53:32+00:00,1267.0,egauge90773,i11,Non Efficient
2026-07-21,15,2026-07-21 06:52:29+00:00,2026-07-21 07:05:13+00:00,764.0,egauge90773,i11,Non Efficient
2026-07-22,43,2026-07-22 03:21:25+00:00,2026-07-22 16:26:45+00:00,47120.0,egauge90773,i21,Non Efficient
2026-07-23,44,2026-07-23 02:51:23+00:00,2026-07-23 03:10:39+00:00,1156.0,egauge90773,i21,Non Efficient
2026-07-19,28,2026-07-19 15:01:18+00:00,2026-07-19 15:10:33+00:00,555.0,egauge90773,i41,Non Efficient
2026-07-20,29,2026-07-20 15:44:57+00:00,2026-07-20 15:54:12+00:00,555.0,egauge90773,i41,Non Efficient
2026-07-21,30,2026-07-21 02:49:05+00:00,2026-07-21 10:35:41+00:00,27996.0,egauge90773,i41,Non Efficient
2026-07-21,31,2026-07-21 19:09:33+00:00,2026-07-21 19:18:49+00:00,556.0,egauge90773,i41,Non Efficient
2026-07-22,32,2026-07-22 18:56:07+00:00,2026-07-22 19:05:22+00:00,555.0,egauge90773,i41,Non Efficient
2026-07-23,33,2026-07-23 00:22:21+00:00,2026-07-23 00:31:36+00:00,555.0,egauge90773,i41,Non Efficient
2026-07-23,34,2026-07-23 02:52:23+00:00,2026-07-23 02:58:22+00:00,359.0,egauge90773,i41,Non Efficient
2026-07-15,50,2026-07-15 00:33:00+00:00,2026-07-15 00:38:00+00:00,300.0,egauge90773,i51,Non Efficient
2026-07-22,51,2026-07-22 01:15:01+00:00,2026-07-22 01:22:00+00:00,419.0,egauge90773,i51,Non Efficient
2026-07-22,52,2026-07-22 04:59:00+00:00,2026-07-22 05:05:00+00:00,360.0,egauge90773,i51,Non Efficient
2026-07-22,53,2026-07-22 10:46:47+00:00,2026-07-22 10:57:00+00:00,613.0,egauge90773,i51,Non Efficient
2026-07-17,3,2026-07-17 03:11:46+00:00,2026-07-17 03:36:04+00:00,1458.0,egauge113526,i21,Non Efficient
2026-07-20,4,2026-07-20 04:15:28+00:00,2026-07-24 03:44:16+00:00,343728.0,egauge113526,i21,Non Efficient
2026-07-17,3,2026-07-17 03:14:25+00:00,2026-07-17 03:44:15+00:00,1790.0,egauge113526,i31,Non Efficient
2026-07-20,4,2026-07-20 04:15:58+00:00,2026-07-24 03:42:06+00:00,343568.0,egauge113526,i31,Non Efficient
2026-07-18,0,2026-07-18 03:02:16+00:00,2026-07-25 02:55:18+00:00,604382.0,egauge113530,i11,Non Efficient
2026-07-24,1,2026-07-24 02:28:46+00:00,2026-07-24 02:38:04+00:00,558.0,egauge113530,i21,Non Efficient
2026-07-24,2,2026-07-24 02:38:07+00:00,2026-07-24 15:17:09+00:00,45542.0,egauge113530,i21,Non Efficient
2026-07-24,3,2026-07-24 15:18:07+00:00,2026-07-25 02:56:25+00:00,41898.0,egauge113530,i21,Non Efficient
2026-07-17,30,2026-07-17 01:49:27+00:00,2026-07-17 03:02:18+00:00,4371.0,egauge113530,i31,Non Efficient
2026-07-17,31,2026-07-17 03:51:13+00:00,2026-07-17 04:06:32+00:00,919.0,egauge113530,i31,Non Efficient
2026-07-17,32,2026-07-17 04:12:45+00:00,2026-07-17 04:19:09+00:00,384.0,egauge113530,i31,Non Efficient
2026-07-17,33,2026-07-17 04:48:24+00:00,2026-07-17 04:55:20+00:00,416.0,egauge113530,i31,Non Efficient
2026-07-17,34,2026-07-17 05:39:53+00:00,2026-07-17 05:47:48+00:00,475.0,egauge113530,i31,Non Efficient
2026-07-17,35,2026-07-17 06:08:00+00:00,2026-07-17 06:20:04+00:00,724.0,egauge113530,i31,Non Efficient
2026-07-17,36,2026-07-17 06:53:01+00:00,2026-07-17 07:02:55+00:00,594.0,egauge113530,i31,Non Efficient
2026-07-17,37,2026-07-17 07:20:53+00:00,2026-07-17 07:33:20+00:00,747.0,egauge113530,i31,Non Efficient
2026-07-17,38,2026-07-17 09:36:38+00:00,2026-07-17 10:00:38+00:00,1440.0,egauge113530,i31,Non Efficient
2026-07-17,39,2026-07-17 10:08:07+00:00,2026-07-17 10:14:18+00:00,371.0,egauge113530,i31,Non Efficient
2026-07-17,40,2026-07-17 11:59:24+00:00,2026-07-17 12:04:43+00:00,319.0,egauge113530,i31,Non Efficient
2026-07-17,41,2026-07-17 12:42:42+00:00,2026-07-17 12:48:16+00:00,334.0,egauge113530,i31,Non Efficient
2026-07-17,42,2026-07-17 13:38:51+00:00,2026-07-17 13:44:52+00:00,361.0,egauge113530,i31,Non Efficient
2026-07-17,43,2026-07-17 13:45:05+00:00,2026-07-17 14:53:51+00:00,4126.0,egauge113530,i31,Non Efficient
2026-07-17,44,2026-07-17 15:48:28+00:00,2026-07-17 16:05:52+00:00,1044.0,egauge113530,i31,Non Efficient
2026-07-17,45,2026-07-17 16:34:13+00:00,2026-07-17 17:04:16+00:00,1803.0,egauge113530,i31,Non Efficient
2026-07-17,46,2026-07-17 17:18:50+00:00,2026-07-17 17:25:09+00:00,379.0,egauge113530,i31,Non Efficient
2026-07-17,47,2026-07-17 17:25:54+00:00,2026-07-17 17:47:35+00:00,1301.0,egauge113530,i31,Non Efficient
2026-07-17,48,2026-07-17 17:47:37+00:00,2026-07-17 17:55:06+00:00,449.0,egauge113530,i31,Non Efficient
2026-07-17,49,2026-07-17 18:05:24+00:00,2026-07-17 18:23:22+00:00,1078.0,egauge113530,i31,Non Efficient
2026-07-17,50,2026-07-17 19:45:21+00:00,2026-07-17 19:57:17+00:00,716.0,egauge113530,i31,Non Efficient
2026-07-17,51,2026-07-17 19:58:37+00:00,2026-07-17 20:32:19+00:00,2022.0,egauge113530,i31,Non Efficient
2026-07-17,52,2026-07-17 20:32:22+00:00,2026-07-17 20:38:34+00:00,372.0,egauge113530,i31,Non Efficient
2026-07-17,53,2026-07-17 20:38:37+00:00,2026-07-17 20:52:36+00:00,839.0,egauge113530,i31,Non Efficient
2026-07-17,54,2026-07-17 20:58:58+00:00,2026-07-17 21:06:44+00:00,466.0,egauge113530,i31,Non Efficient
2026-07-17,55,2026-07-17 21:15:31+00:00,2026-07-17 21:23:53+00:00,502.0,egauge113530,i31,Non Efficient
2026-07-17,56,2026-07-17 21:31:41+00:00,2026-07-17 21:41:06+00:00,565.0,egauge113530,i31,Non Efficient
2026-07-17,57,2026-07-17 21:42:56+00:00,2026-07-17 22:41:21+00:00,3505.0,egauge113530,i31,Non Efficient
2026-07-17,58,2026-07-17 23:15:26+00:00,2026-07-17 23:28:48+00:00,802.0,egauge113530,i31,Non Efficient
2026-07-18,59,2026-07-18 00:35:49+00:00,2026-07-18 00:41:45+00:00,356.0,egauge113530,i31,Non Efficient
2026-07-18,60,2026-07-18 02:20:51+00:00,2026-07-18 02:26:37+00:00,346.0,egauge113530,i31,Non Efficient
2026-07-18,61,2026-07-18 02:32:32+00:00,2026-07-18 02:38:25+00:00,353.0,egauge113530,i31,Non Efficient
2026-07-18,62,2026-07-18 03:03:38+00:00,2026-07-24 02:40:49+00:00,517031.0,egauge113530,i31,Non Efficient
2026-07-24,63,2026-07-24 02:40:51+00:00,2026-07-24 03:08:36+00:00,1665.0,egauge113530,i31,Non Efficient
2026-07-24,64,2026-07-24 03:08:38+00:00,2026-07-24 04:10:00+00:00,3682.0,egauge113530,i31,Non Efficient
2026-07-24,65,2026-07-24 04:29:34+00:00,2026-07-24 04:35:41+00:00,367.0,egauge113530,i31,Non Efficient
2026-07-24,66,2026-07-24 04:39:51+00:00,2026-07-24 04:51:42+00:00,711.0,egauge113530,i31,Non Efficient
2026-07-24,67,2026-07-24 05:01:20+00:00,2026-07-24 05:14:29+00:00,789.0,egauge113530,i31,Non Efficient
2026-07-24,68,2026-07-24 05:44:24+00:00,2026-07-24 05:49:51+00:00,327.0,egauge113530,i31,Non Efficient
2026-07-24,69,2026-07-24 06:56:07+00:00,2026-07-24 07:03:57+00:00,470.0,egauge113530,i31,Non Efficient
2026-07-24,70,2026-07-24 07:09:30+00:00,2026-07-24 10:52:05+00:00,13355.0,egauge113530,i31,Non Efficient
2026-07-24,71,2026-07-24 10:53:15+00:00,2026-07-24 12:57:26+00:00,7451.0,egauge113530,i31,Non Efficient
2026-07-24,72,2026-07-24 14:00:56+00:00,2026-07-24 14:09:40+00:00,524.0,egauge113530,i31,Non Efficient
2026-07-24,73,2026-07-24 14:12:00+00:00,2026-07-24 14:18:23+00:00,383.0,egauge113530,i31,Non Efficient
2026-07-24,74,2026-07-24 14:19:28+00:00,2026-07-24 14:35:13+00:00,945.0,egauge113530,i31,Non Efficient
2026-07-24,75,2026-07-24 14:35:15+00:00,2026-07-24 14:55:28+00:00,1213.0,egauge113530,i31,Non Efficient
2026-07-24,76,2026-07-24 15:53:05+00:00,2026-07-24 16:06:53+00:00,828.0,egauge113530,i31,Non Efficient
2026-07-24,77,2026-07-24 16:18:26+00:00,2026-07-24 16:24:31+00:00,365.0,egauge113530,i31,Non Efficient
2026-07-24,78,2026-07-24 16:41:29+00:00,2026-07-24 16:46:30+00:00,301.0,egauge113530,i31,Non Efficient
2026-07-24,79,2026-07-24 16:46:32+00:00,2026-07-24 16:54:18+00:00,466.0,egauge113530,i31,Non Efficient
2026-07-24,80,2026-07-24 17:58:35+00:00,2026-07-24 18:04:08+00:00,333.0,egauge113530,i31,Non Efficient
2026-07-24,81,2026-07-24 18:04:47+00:00,2026-07-24 18:15:21+00:00,634.0,egauge113530,i31,Non Efficient
2026-07-24,82,2026-07-24 18:18:34+00:00,2026-07-24 18:27:18+00:00,524.0,egauge113530,i31,Non Efficient
2026-07-24,83,2026-07-24 18:33:48+00:00,2026-07-24 18:40:18+00:00,390.0,egauge113530,i31,Non Efficient
2026-07-24,84,2026-07-24 20:07:56+00:00,2026-07-24 20:16:24+00:00,508.0,egauge113530,i31,Non Efficient
2026-07-24,85,2026-07-24 20:31:31+00:00,2026-07-24 20:42:20+00:00,649.0,egauge113530,i31,Non Efficient
2026-07-24,86,2026-07-24 20:44:06+00:00,2026-07-24 20:50:05+00:00,359.0,egauge113530,i31,Non Efficient
2026-07-24,87,2026-07-24 21:58:50+00:00,2026-07-24 22:07:23+00:00,513.0,egauge113530,i31,Non Efficient
2026-07-24,88,2026-07-24 22:12:16+00:00,2026-07-24 22:22:13+00:00,597.0,egauge113530,i31,Non Efficient
2026-07-24,89,2026-07-24 23:39:43+00:00,2026-07-24 23:51:34+00:00,711.0,egauge113530,i31,Non Efficient
2026-07-24,90,2026-07-24 23:59:34+00:00,2026-07-25 00:07:29+00:00,475.0,egauge113530,i31,Non Efficient
2026-07-25,91,2026-07-25 00:22:14+00:00,2026-07-25 00:33:00+00:00,646.0,egauge113530,i31,Non Efficient
2026-07-25,92,2026-07-25 01:14:23+00:00,2026-07-25 02:34:37+00:00,4814.0,egauge113530,i31,Non Efficient
2026-07-25,93,2026-07-25 02:44:53+00:00,2026-07-25 02:54:30+00:00,577.0,egauge113530,i31,Non Efficient
2026-07-25,94,2026-07-25 02:54:32+00:00,2026-07-25 10:24:39+00:00,27007.0,egauge113530,i31,Non Efficient
2026-07-25,95,2026-07-25 10:24:41+00:00,2026-07-25 11:50:27+00:00,5146.0,egauge113530,i31,Non Efficient
2026-07-15,0,2026-07-15 09:38:03+00:00,2026-07-15 17:03:26+00:00,26723.0,egauge112080,i11,Non Efficient
2026-07-15,1,2026-07-15 21:18:58+00:00,2026-07-16 04:04:16+00:00,24318.0,egauge112080,i11,Non Efficient
2026-07-16,2,2026-07-16 09:24:45+00:00,2026-07-16 16:42:31+00:00,26266.0,egauge112080,i11,Non Efficient
2026-07-16,3,2026-07-16 22:09:33+00:00,2026-07-17 04:34:47+00:00,23114.0,egauge112080,i11,Non Efficient
2026-07-17,4,2026-07-17 20:19:03+00:00,2026-07-17 20:29:31+00:00,628.0,egauge112080,i11,Non Efficient
2026-07-17,5,2026-07-17 20:52:07+00:00,2026-07-17 21:00:30+00:00,503.0,egauge112080,i11,Non Efficient
2026-07-17,6,2026-07-17 21:22:41+00:00,2026-07-17 21:39:36+00:00,1015.0,egauge112080,i11,Non Efficient
2026-07-17,7,2026-07-17 22:02:52+00:00,2026-07-18 03:26:57+00:00,19445.0,egauge112080,i11,Non Efficient
2026-07-18,8,2026-07-18 04:44:52+00:00,2026-07-18 04:50:58+00:00,366.0,egauge112080,i11,Non Efficient
2026-07-18,9,2026-07-18 08:15:31+00:00,2026-07-18 15:18:55+00:00,25404.0,egauge112080,i11,Non Efficient
2026-07-18,10,2026-07-18 16:46:28+00:00,2026-07-18 16:56:31+00:00,603.0,egauge112080,i11,Non Efficient
2026-07-19,11,2026-07-19 09:37:43+00:00,2026-07-19 10:01:30+00:00,1427.0,egauge112080,i11,Non Efficient
2026-07-19,12,2026-07-19 10:06:43+00:00,2026-07-19 17:08:45+00:00,25322.0,egauge112080,i11,Non Efficient
2026-07-19,13,2026-07-19 21:45:32+00:00,2026-07-19 22:03:44+00:00,1092.0,egauge112080,i11,Non Efficient
2026-07-19,14,2026-07-19 22:22:12+00:00,2026-07-19 22:42:41+00:00,1229.0,egauge112080,i11,Non Efficient
2026-07-19,15,2026-07-19 22:59:00+00:00,2026-07-19 23:19:32+00:00,1232.0,egauge112080,i11,Non Efficient
2026-07-19,16,2026-07-19 23:30:11+00:00,2026-07-20 04:51:16+00:00,19265.0,egauge112080,i11,Non Efficient
2026-07-20,17,2026-07-20 07:23:12+00:00,2026-07-20 09:30:44+00:00,7652.0,egauge112080,i11,Non Efficient
2026-07-20,18,2026-07-20 09:59:12+00:00,2026-07-20 10:25:18+00:00,1566.0,egauge112080,i11,Non Efficient
2026-07-20,19,2026-07-20 10:29:52+00:00,2026-07-20 16:57:26+00:00,23254.0,egauge112080,i11,Non Efficient
2026-07-20,20,2026-07-20 17:21:25+00:00,2026-07-20 17:27:26+00:00,361.0,egauge112080,i11,Non Efficient
2026-07-20,21,2026-07-20 17:46:45+00:00,2026-07-20 18:08:46+00:00,1321.0,egauge112080,i11,Non Efficient
2026-07-20,22,2026-07-20 18:09:21+00:00,2026-07-20 18:36:07+00:00,1606.0,egauge112080,i11,Non Efficient
2026-07-20,23,2026-07-20 19:03:52+00:00,2026-07-20 19:19:28+00:00,936.0,egauge112080,i11,Non Efficient
2026-07-15,0,2026-07-15 09:37:28+00:00,2026-07-15 10:04:29+00:00,1621.0,egauge112080,i21,Non Efficient
2026-07-15,1,2026-07-15 10:10:41+00:00,2026-07-15 11:13:06+00:00,3745.0,egauge112080,i21,Non Efficient
2026-07-15,2,2026-07-15 11:18:05+00:00,2026-07-15 17:01:42+00:00,20617.0,egauge112080,i21,Non Efficient
2026-07-15,3,2026-07-15 21:17:19+00:00,2026-07-15 21:36:39+00:00,1160.0,egauge112080,i21,Non Efficient
2026-07-15,4,2026-07-15 21:36:51+00:00,2026-07-16 04:04:04+00:00,23233.0,egauge112080,i21,Non Efficient
2026-07-16,5,2026-07-16 09:22:44+00:00,2026-07-16 16:40:31+00:00,26267.0,egauge112080,i21,Non Efficient
2026-07-16,6,2026-07-16 22:05:34+00:00,2026-07-17 04:33:55+00:00,23301.0,egauge112080,i21,Non Efficient
2026-07-17,7,2026-07-17 10:04:50+00:00,2026-07-17 15:57:30+00:00,21160.0,egauge112080,i21,Non Efficient
2026-07-17,8,2026-07-17 20:11:04+00:00,2026-07-17 21:12:29+00:00,3685.0,egauge112080,i21,Non Efficient
2026-07-17,9,2026-07-17 21:15:28+00:00,2026-07-17 21:43:53+00:00,1705.0,egauge112080,i21,Non Efficient
2026-07-17,10,2026-07-17 21:56:32+00:00,2026-07-18 03:11:38+00:00,18906.0,egauge112080,i21,Non Efficient
2026-07-18,11,2026-07-18 04:29:34+00:00,2026-07-18 05:01:40+00:00,1926.0,egauge112080,i21,Non Efficient
2026-07-18,12,2026-07-18 08:11:51+00:00,2026-07-18 15:16:20+00:00,25469.0,egauge112080,i21,Non Efficient
2026-07-18,13,2026-07-18 16:28:06+00:00,2026-07-18 17:04:46+00:00,2200.0,egauge112080,i21,Non Efficient
2026-07-19,14,2026-07-19 09:34:27+00:00,2026-07-19 09:58:03+00:00,1416.0,egauge112080,i21,Non Efficient
2026-07-19,15,2026-07-19 10:08:43+00:00,2026-07-19 10:36:44+00:00,1681.0,egauge112080,i21,Non Efficient
2026-07-19,16,2026-07-19 10:48:02+00:00,2026-07-19 11:19:09+00:00,1867.0,egauge112080,i21,Non Efficient
2026-07-19,17,2026-07-19 11:31:52+00:00,2026-07-19 17:06:10+00:00,20058.0,egauge112080,i21,Non Efficient
2026-07-19,18,2026-07-19 19:25:01+00:00,2026-07-19 21:13:35+00:00,6514.0,egauge112080,i21,Non Efficient
2026-07-19,19,2026-07-19 21:42:17+00:00,2026-07-19 22:08:37+00:00,1580.0,egauge112080,i21,Non Efficient
2026-07-19,20,2026-07-19 22:16:34+00:00,2026-07-19 22:47:39+00:00,1865.0,egauge112080,i21,Non Efficient
2026-07-19,21,2026-07-19 22:53:51+00:00,2026-07-19 23:22:43+00:00,1732.0,egauge112080,i21,Non Efficient
2026-07-19,22,2026-07-19 23:25:32+00:00,2026-07-20 04:49:57+00:00,19465.0,egauge112080,i21,Non Efficient
2026-07-20,23,2026-07-20 09:52:39+00:00,2026-07-20 16:55:31+00:00,25372.0,egauge112080,i21,Non Efficient
2026-07-20,24,2026-07-20 18:07:47+00:00,2026-07-20 18:45:09+00:00,2242.0,egauge112080,i21,Non Efficient
2026-07-20,25,2026-07-20 18:58:07+00:00,2026-07-20 19:20:53+00:00,1366.0,egauge112080,i21,Non Efficient
2026-07-15,0,2026-07-15 10:42:48+00:00,2026-07-15 17:00:30+00:00,22662.0,egauge112080,i31,Non Efficient
2026-07-15,1,2026-07-15 22:31:31+00:00,2026-07-16 04:03:01+00:00,19890.0,egauge112080,i31,Non Efficient
2026-07-18,2,2026-07-18 04:30:33+00:00,2026-07-18 04:59:21+00:00,1728.0,egauge112080,i31,Non Efficient
2026-07-18,3,2026-07-18 16:32:03+00:00,2026-07-18 16:59:23+00:00,1640.0,egauge112080,i31,Non Efficient
2026-07-20,4,2026-07-20 18:12:23+00:00,2026-07-20 18:36:52+00:00,1469.0,egauge112080,i31,Non Efficient
2026-07-15,0,2026-07-15 00:23:51+00:00,2026-07-15 09:50:40+00:00,34009.0,egauge112080,i41,Non Efficient
2026-07-15,1,2026-07-15 12:30:21+00:00,2026-07-15 16:28:38+00:00,14297.0,egauge112080,i41,Non Efficient
2026-07-15,2,2026-07-15 16:30:11+00:00,2026-07-15 21:39:56+00:00,18585.0,egauge112080,i41,Non Efficient
2026-07-16,3,2026-07-16 04:35:52+00:00,2026-07-16 09:37:34+00:00,18102.0,egauge112080,i41,Non Efficient
2026-07-16,4,2026-07-16 12:31:51+00:00,2026-07-16 21:34:40+00:00,32569.0,egauge112080,i41,Non Efficient
2026-07-17,5,2026-07-17 00:25:01+00:00,2026-07-17 04:25:42+00:00,14441.0,egauge112080,i41,Non Efficient
2026-07-17,6,2026-07-17 04:31:25+00:00,2026-07-17 09:18:11+00:00,17206.0,egauge112080,i41,Non Efficient
2026-07-17,7,2026-07-17 12:30:11+00:00,2026-07-17 21:07:25+00:00,31034.0,egauge112080,i41,Non Efficient
2026-07-18,8,2026-07-18 04:42:53+00:00,2026-07-18 09:45:50+00:00,18177.0,egauge112080,i41,Non Efficient
2026-07-18,9,2026-07-18 12:01:31+00:00,2026-07-18 17:07:08+00:00,18337.0,egauge112080,i41,Non Efficient
2026-07-18,10,2026-07-18 17:08:21+00:00,2026-07-18 21:22:09+00:00,15228.0,egauge112080,i41,Non Efficient
2026-07-18,11,2026-07-18 23:58:17+00:00,2026-07-19 09:13:50+00:00,33333.0,egauge112080,i41,Non Efficient
2026-07-19,12,2026-07-19 17:22:28+00:00,2026-07-19 22:05:55+00:00,17007.0,egauge112080,i41,Non Efficient
2026-07-19,13,2026-07-19 23:50:11+00:00,2026-07-20 02:34:30+00:00,9859.0,egauge112080,i41,Non Efficient
2026-07-20,14,2026-07-20 05:26:31+00:00,2026-07-20 09:44:11+00:00,15460.0,egauge112080,i41,Non Efficient
2026-07-20,15,2026-07-20 11:59:51+00:00,2026-07-20 16:39:44+00:00,16793.0,egauge112080,i41,Non Efficient
2026-07-20,16,2026-07-20 17:11:42+00:00,2026-07-20 21:27:48+00:00,15366.0,egauge112080,i41,Non Efficient
2026-07-19,0,2026-07-19 15:41:30+00:00,2026-07-19 16:15:08+00:00,2018.0,egauge112080,i51,Non Efficient
2026-07-19,1,2026-07-19 16:46:27+00:00,2026-07-19 18:53:10+00:00,7603.0,egauge112080,i51,Non Efficient
2026-07-20,2,2026-07-20 03:07:12+00:00,2026-07-20 03:23:20+00:00,968.0,egauge112080,i51,Non Efficient
2026-07-20,3,2026-07-20 03:39:14+00:00,2026-07-20 03:46:35+00:00,441.0,egauge112080,i51,Non Efficient
2026-07-20,4,2026-07-20 04:04:14+00:00,2026-07-20 04:41:21+00:00,2227.0,egauge112080,i51,Non Efficient
2026-07-20,5,2026-07-20 04:41:32+00:00,2026-07-20 09:49:13+00:00,18461.0,egauge112080,i51,Non Efficient
